aaa,aad,aam,aas,adc,add,addpd,addps,addsd,and,andnps,andpd,andps,arpl,bad_cmpxchg8b,bndcl,bndldx,bndstx,bound,bsf,bsr,bswap,bt,btc,btr,bts,call,callf,cbw,cdq,cdqe,clc,cld,cli,clts,cmc,cmova,cmovbe,cmovc,cmovg,cmovge,cmovl,cmovle,cmovnc,cmovno,cmovnp,cmovns,cmovnz,cmovo,cmovp,cmovs,cmovz,cmp,cmpeqsd,cmpnlepd,cmpps,cmpsb,cmpsd,cmpsw,cmpxchg,cmpxchg16b,cmpxchg8b,comiss,cpuid,cvtdq2ps,cvtpi2ps,cvtps2pd,cvtps2pi,cvtsi2sd,cvtss2si,cvttps2pi,cvttsd2si,cwd,cwde,daa,das,dec,div,divps,divsd,divss,emms,enter,f2xm1,fabs,fadd,faddp,fbld,fbstp,fchs,fcmovb,fcmovbe,fcmove,fcmovnb,fcmovnbe,fcmovne,fcmovnu,fcmovu,fcom,fcomi,fcomip,fcomp,fcompp,fcos,fdecstp,fdiv,fdivp,fdivr,fdivrp,femms,feni,ffree,ffreep,fiadd,ficom,ficomp,fidiv,fidivr,fild,fimul,fincstp,fist,fistp,fisttp,fisub,fisubr,fld,fld1,fldcw,fldenv,fldl2e,fldl2t,fldlg2,fldln2,fldpi,fldz,fmul,fmulp,fnclex,fndisi,fneni,fninit,fnop,fnsave,fnstcw,fnstenv,fnstsw,fpatan,fprem,fprem1,fptan,frndint,frstor,fsave,fscale,fsetpm,fsin,fsincos,fsqrt,fst,fstcw,fstenv,fstp,fstsw,fsub,fsubp,fsubr,fsubrp,ftst,fucom,fucomi,fucomip,fucomp,fucompp,fxam,fxch,fxrstor,fxsave,fxtract,fyl2x,fyl2xp1,getsec,hlt,idiv,imul,in,inc,insb,insd,insw,int,int1,int3,into,invd,invlpg,iret,iretd,iretq,ja,jbe,jc,jcxz,jecxz,jg,jge,jl,jle,jmp,jmpf,jnc,jno,jnp,jns,jnz,jo,jp,jrcxz,js,jz,kaddw,kandb,kandnb,kmovb,kmovd,kmovw,korb,kortestb,korw,ktestb,ktestw,kunpckbw,kxnorb,kxnorw,kxorb,kxorw,lahf,lar,ldmxcsr,lds,lea,leave,les,lfs,lgdt,lgs,lidt,lldt,lmsw,lock,lodsb,lodsd,lodsq,lodsw,loop,loopnz,loopz,lsl,lss,ltr,maskmovq,maxps,minps,minss,mov,movapd,movaps,movd,movdqa,movdqu,movhlps,movhps,movlhps,movlpd,movlps,movmskps,movnti,movntps,movntq,movq,movsb,movsd,movsldup,movsw,movsx,movsxd,movupd,movups,movzx,mul,mulpd,mulps,mulsd,neg,nop,not,or,orpd,orps,out,outsb,outsd,outsw,packssdw,packsswb,packuswb,paddb,paddd,paddq,paddsb,paddsw,paddusb,paddusw,paddw,palignr,pand,pandn,pause,pavgb,pavgw,pcmpeqb,pcmpeqd,pcmpeqw,pcmpgtb,pcmpgtd,pcmpgtw,pcmpistri,pextrw,pfmin,pfrcpit1,pfrcpit2,pinsrb,pinsrw,pmaddwd,pmaxsw,pmaxub,pminsw,pminub,pmovmskb,pmulhuw,pmulhw,pmullw,pmuludq,pop,popa,popad,popcnt,popf,popfd,popfq,por,prefetch,prefetchw,prefetchwt1,psadbw,pshufd,pshuflw,pshufw,pslld,psllq,psllw,psrad,psraw,psrld,psrldq,psrlq,psrlw,psubb,psubd,psubq,psubsb,psubsw,psubusb,psubusw,psubw,pswapd,punpckhbw,punpckhdq,punpckhwd,punpcklbw,punpckldq,punpcklwd,push,pusha,pushad,pushf,pushfd,pushfq,pxor,rcl,rcpps,rcr,rdmsr,rdpmc,rdrand,rdtsc,rep,repe,repne,reserved,ret,retf,rol,ror,rsm,rsqrtps,sahf,salc,sar,sbb,scasb,scasd,scasw,seta,setbe,setc,setg,setge,setl,setle,setnc,setno,setnp,setns,setnz,seto,setp,sets,setz,sfence,sgdt,sha1msg1,shl,shld,shr,shrd,shufps,sidt,skinit,sldt,smsw,sqrtps,stc,std,sti,stmxcsr,stosb,stosd,stosq,stosw,str,sub,subpd,subps,syscall,sysenter,sysexit,sysret,test,ucomisd,ucomiss,ud0,ud1,ud2,unpckhpd,unpckhps,unpcklpd,unpcklps,vaddpd,vaddps,vaddss,vaddsubpd,vaddsubps,vaesimc,vandnpd,vandnps,vandpd,vandps,vcmpsd,vcmpss,vcomisd,vcomiss,vcvtdq2ps,vcvtneps2bf16,vcvtpd2ps,vcvtph2udq,vcvtps2dq,vcvtps2pd,vcvtps2uqq,vcvtqq2pd,vcvtsd2si,vcvtsd2ss,vcvtsi2sh,vcvtss2sd,vcvtss2si,vcvttps2dq,vcvttps2uqq,vcvttsd2si,vdivpd,vdivps,verr,verw,vfmaddsub132ps,vhaddpd,vhsubpd,vhsubps,vlddqu,vmaxpd,vminps,vminsd,vmmcall,vmovapd,vmovaps,vmovddup,vmovdqa,vmovdqu,vmovlpd,vmovlps,vmovmskpd,vmovmskps,vmovntdq,vmovntpd,vmovntps,vmovq,vmovsd,vmovshdup,vmovsldup,vmovss,vmovupd,vmovups,vmptrld,vmptrst,vmread,vmulps,vmulsd,vmulss,vmwrite,vorpd,vorps,vpackssdw,vpacksswb,vpackuswb,vpaddb,vpaddd,vpaddq,vpaddsb,vpaddsw,vpaddusb,vpaddw,vpand,vpandn,vpavgb,vpavgw,vpcmpeqb,vpcmpeqw,vpcmpgtb,vpcmpgtd,vpcmpgtw,vpconflictq,vpextrb,vpextrw,vpmaddwd,vpmaxsw,vpmaxub,vpminsb,vpminsw,vpminud,vpmovmskb,vpmovzxbw,vpmulhuw,vpmuludq,vpor,vpsadbw,vpshufhw,vpshuflw,vpslld,vpsllq,vpsllw,vpsrad,vpsraw,vpsrld,vpsrlq,vpsrlw,vpsubb,vpsubd,vpsubq,vpsubsb,vpsubsw,vpsubusb,vpsubusw,vpsubw,vpunpckhbw,vpunpckhdq,vpunpckhwd,vpunpcklbw,vpunpckldq,vpunpcklwd,vpxor,vrcpps,vrsqrtps,vrsqrtss,vshufpd,vshufps,vsqrtpd,vsubpd,vsubps,vsubss,vucomisd,vunpckhps,vunpcklpd,vunpcklps,vxorpd,vxorps,vzeroupper,wait,wbinvd,wrmsr,wrssd,xabort,xacquire,xadd,xbegin,xchg,xgetbv,xlat,xor,xorpd,xorps,xrelease,xrstors,xsave,xsavec,xsaveopt,label
5,0,0,0,1,23040,0,0,0,26,0,0,0,3,0,0,0,0,0,0,0,0,0,0,0,0,242,1,0,2,0,0,0,0,0,0,0,0,0,0,0,0,0,0,0,0,0,0,0,0,0,0,154,0,0,0,0,1,0,0,0,0,0,0,0,0,0,0,0,0,0,0,0,0,0,0,76,6,0,0,0,0,0,0,0,0,0,0,0,0,0,0,0,0,0,0,0,0,0,0,0,0,0,0,0,0,0,0,0,0,0,0,0,0,0,0,0,0,0,0,0,0,0,0,0,0,0,0,0,0,0,0,0,0,0,0,0,0,0,0,0,0,0,0,0,0,0,0,0,0,0,0,0,0,0,0,0,0,0,0,0,0,0,0,0,0,0,0,0,0,0,0,0,0,0,0,0,0,0,0,0,0,0,2,2,1,42,4,4,0,0,0,113,0,0,0,0,0,0,4,7,7,0,0,4,6,6,3,81,0,3,0,0,2,89,1,2,0,2,153,0,0,0,0,0,0,0,0,0,0,0,0,0,0,0,0,0,0,0,0,153,0,0,0,0,0,0,0,0,0,0,0,0,0,0,0,0,0,0,0,0,0,0,0,803,0,0,0,0,0,0,0,0,0,0,0,0,0,0,0,14,14,0,0,3,0,0,0,1,8,0,0,0,26,239,15,52,0,0,0,3,0,1,0,0,0,0,0,0,0,0,0,0,0,0,0,0,0,0,0,0,0,0,0,0,0,0,0,0,0,0,0,0,0,0,0,0,0,0,0,0,0,0,234,0,2,0,0,0,0,0,0,0,0,0,0,0,0,0,0,0,0,0,0,0,0,0,0,0,0,0,0,0,0,0,0,0,0,0,0,0,0,681,0,1,0,0,0,0,0,0,4,0,0,0,0,46,0,18,0,81,0,1,0,0,0,0,0,0,19,18,0,0,0,0,0,0,0,0,0,0,0,0,0,2,0,0,0,0,0,0,0,0,0,19,0,0,0,0,0,0,0,0,0,0,0,18,17,0,15,0,28,0,0,0,0,0,0,112,0,0,0,0,0,0,0,0,0,0,0,0,0,0,0,0,0,0,0,0,0,0,0,0,0,0,0,0,0,0,0,0,0,0,0,0,0,0,0,0,0,0,0,0,0,0,0,0,0,0,0,0,0,0,0,0,0,0,0,0,0,0,0,0,0,0,0,0,0,0,0,0,0,0,0,0,0,0,0,0,0,0,0,0,0,0,0,0,0,0,0,0,0,0,0,0,0,0,0,0,0,0,0,0,0,0,0,0,0,0,0,0,0,0,0,0,0,0,0,0,0,0,0,0,0,0,0,0,0,0,0,0,0,0,0,0,0,0,0,0,0,0,0,0,0,0,0,0,0,0,0,0,0,0,0,0,0,0,0,0,0,0,0,2,0,0,79,0,0,0,0,0,0,0,APT38
7,1,4,11,124,10510,0,0,0,678,0,0,0,95,0,0,0,0,21,0,0,0,3,0,0,3,3463,23,0,44,0,13,16,5,0,5,0,0,0,0,0,0,0,0,0,0,0,0,0,0,0,0,1605,0,0,0,5,6,0,0,0,0,0,2,0,0,0,0,0,0,0,0,0,13,25,3,337,23,0,0,0,0,4,0,0,1,0,0,0,0,0,0,0,0,0,0,0,4,0,0,0,4,0,0,0,0,0,1,0,0,0,0,0,1,0,1,1,0,7,0,0,0,0,0,0,1,7,0,0,0,0,0,0,0,0,0,1,0,0,0,0,0,0,0,0,1,4,0,0,0,0,0,1,0,0,0,0,0,0,0,0,0,4,0,0,0,0,0,0,0,0,0,0,0,0,0,0,0,0,0,0,0,6,5,141,14,1106,89,80,0,6,6,204,1,0,0,0,6,0,90,111,343,0,4,46,60,91,75,1120,11,142,4,2,23,863,74,5,0,31,1263,0,0,0,0,0,0,0,0,0,0,0,0,0,0,0,0,0,0,0,1,1649,125,0,0,0,0,0,0,0,3,5,6,0,0,1,4,4,0,0,0,0,0,0,0,6950,1,0,0,24,0,0,0,0,0,0,0,0,0,0,0,7,20,0,0,45,0,0,3,86,13,0,0,0,35,28,18,352,0,0,15,132,117,10,0,0,0,0,0,0,0,0,0,0,0,0,0,0,0,0,0,0,0,0,0,0,0,0,0,0,0,0,0,0,0,0,0,0,0,0,0,0,0,0,1765,2,111,0,0,3,0,0,0,0,0,0,0,0,0,0,0,0,0,0,0,0,0,0,0,0,0,0,0,0,0,0,0,0,0,0,0,0,0,6246,0,27,0,5,0,1,11,0,7,0,0,0,0,25,0,1,0,640,8,1,1,0,0,0,8,59,44,5,6,0,0,0,0,2,1,0,0,0,0,0,0,12,0,0,0,15,0,0,0,55,0,75,0,0,0,0,0,0,0,4,13,7,0,9,36,0,8,0,358,0,0,0,0,0,0,786,0,0,0,0,0,0,0,0,0,0,0,0,0,0,0,0,0,0,0,0,0,0,0,0,0,0,0,0,0,0,0,0,0,0,0,0,0,0,0,0,0,0,0,0,0,0,0,0,0,0,0,0,0,0,0,0,0,0,0,0,0,0,0,0,0,0,0,0,0,0,0,0,0,0,0,0,0,0,0,0,0,0,0,0,0,0,0,0,0,0,0,0,0,0,0,0,0,0,0,0,0,0,0,0,0,0,0,0,0,0,0,0,0,0,0,0,0,0,0,0,0,0,0,0,0,0,0,0,0,0,0,0,0,0,0,0,0,0,0,0,0,0,0,0,0,0,0,0,0,0,0,0,0,0,0,0,0,0,0,0,0,3,0,58,0,6,694,0,0,0,0,0,0,0,Poseidon Group
138,141,307,149,2768,29895,0,1,0,1476,0,0,1,165,0,0,2,0,152,0,1,0,0,0,1,2,584,155,1,156,0,286,165,134,0,169,0,1,0,2,3,2,0,0,1,2,0,1,1,1,2,0,1258,0,0,1,161,134,0,0,0,0,0,3,0,0,0,1,0,0,0,0,1,166,172,572,1687,22,0,0,0,0,167,1,1,113,3,7,7,1,7,6,6,4,3,2,1,5,47,5,3,41,0,0,0,46,6,37,4,1,0,5,6,33,28,25,7,21,40,29,0,26,31,37,27,20,53,1,15,13,0,1,0,0,1,0,40,2,0,0,3,0,0,8,10,19,7,1,1,1,1,2,16,0,1,0,0,1,0,32,0,0,40,0,37,3,42,7,2,3,5,3,5,1,1,4,0,0,0,1,3,0,253,23,345,743,2554,183,151,0,120,125,894,135,0,0,1,152,0,141,187,197,0,148,126,138,158,166,396,150,294,152,142,270,144,186,128,0,194,247,0,0,0,0,0,0,0,0,0,0,0,0,0,0,0,0,165,2,0,119,166,248,125,0,0,0,0,0,0,14,195,115,0,0,269,180,164,1,0,0,0,0,0,0,7039,0,2,2,0,0,1,2,0,0,0,1,0,1,2,3,1046,149,0,0,2,0,0,1,0,41,0,0,0,35,265,38,1406,0,1,534,129,142,0,0,0,0,1,0,0,0,0,1,0,0,0,0,0,1,1,0,1,0,0,0,0,0,0,0,0,0,0,0,2,0,0,0,1,0,0,0,0,0,0,5157,1,165,0,0,138,0,1,2,0,0,0,0,0,1,0,1,1,1,1,0,0,0,1,0,0,0,1,0,0,0,0,0,1,0,0,0,1,0,3780,2,195,0,208,0,1,149,0,114,1,1,0,2,8,3,0,0,532,428,197,123,0,1,133,147,136,1220,168,129,2,1,2,0,0,0,1,1,0,1,0,0,0,1,0,1,0,0,0,0,270,0,114,3,1,0,0,0,0,0,160,123,138,0,119,138,0,0,0,1768,0,0,1,1,1,3,797,0,0,1,0,1,0,0,0,0,0,0,0,0,0,0,0,0,0,0,0,0,0,0,0,0,0,0,0,0,0,0,0,0,0,0,0,0,0,0,0,0,0,0,0,0,0,0,0,1,1,0,0,0,0,0,0,0,0,0,0,0,0,0,0,0,0,0,0,1,0,0,0,0,0,0,0,0,0,0,0,0,0,0,0,0,0,0,0,0,0,0,0,0,0,0,0,0,0,0,0,0,0,0,0,0,0,0,0,0,0,0,0,0,0,0,0,0,1,0,0,0,0,0,0,0,0,0,0,0,0,0,1,0,0,0,0,0,0,0,0,0,0,0,0,0,0,0,0,0,0,0,0,0,0,0,220,1,2,1,0,1,2,1,1875,0,130,1302,0,0,5,0,0,0,0,Carbanak
6,3,3,12,137,11025,0,0,0,594,0,0,0,90,0,0,0,0,17,0,0,0,3,0,0,3,3643,11,0,23,0,6,16,5,0,6,0,0,4,0,0,0,0,0,0,0,0,0,0,0,0,0,1764,0,0,0,4,6,0,0,0,0,0,2,0,0,0,0,0,0,0,0,0,6,24,3,624,23,0,0,0,0,5,0,0,2,0,0,0,0,0,0,0,0,0,0,0,4,0,0,0,5,0,0,0,0,0,1,0,0,0,0,0,0,0,1,0,3,0,0,0,0,2,0,0,1,3,0,0,0,0,0,0,0,0,0,2,0,0,0,0,0,0,0,0,0,4,0,0,0,0,0,0,0,0,0,0,0,0,0,0,0,4,0,1,0,0,0,0,0,0,0,0,0,0,0,0,0,0,0,0,0,4,1,122,18,1008,78,71,0,5,5,1517,0,0,0,0,7,0,93,118,353,0,5,329,76,146,85,1179,19,145,1,1,25,953,71,5,0,31,1358,0,0,0,0,0,0,0,0,0,0,0,0,0,0,0,0,1,0,0,10,2196,97,14,0,0,0,0,0,0,278,5,4,0,0,4,1,7,0,0,0,0,0,0,0,10004,1,0,0,24,0,0,0,0,0,0,0,0,0,0,0,6,19,0,0,45,0,0,3,100,14,0,0,0,43,35,18,627,0,0,28,125,111,10,0,0,0,0,0,0,0,0,0,0,0,0,0,0,0,0,0,0,0,0,0,0,0,0,0,0,0,0,0,0,0,0,0,0,0,0,0,0,0,0,1749,2,112,0,0,2,0,0,0,0,0,0,0,0,0,0,0,0,0,0,0,0,0,0,0,0,0,0,0,0,0,0,0,0,0,0,0,0,0,7012,0,28,0,8,0,1,12,0,7,0,0,0,0,25,0,3,0,685,5,38,0,0,0,1,5,65,85,8,5,0,0,0,0,0,1,0,0,0,0,0,0,16,0,0,0,18,0,0,0,60,0,94,0,0,0,0,0,0,0,7,13,4,0,6,11,0,0,0,511,0,0,0,0,0,0,1203,0,0,0,0,0,0,0,0,0,0,0,0,0,0,0,0,0,0,0,0,0,0,0,0,0,0,0,0,0,0,0,0,0,0,0,0,0,0,0,0,0,0,0,0,0,0,0,0,0,0,0,0,0,0,0,0,0,0,0,0,0,0,0,0,0,0,0,0,0,0,0,0,0,0,0,0,0,0,0,0,0,0,0,0,0,0,0,0,0,0,0,0,0,0,0,0,0,0,0,0,0,0,0,0,0,0,0,0,0,0,0,0,0,0,0,0,0,0,0,0,0,0,0,0,0,0,0,0,0,0,0,0,0,0,0,0,0,0,0,0,0,0,0,0,0,0,0,0,0,0,0,0,0,0,0,0,0,0,0,0,0,277,0,51,0,8,797,0,0,0,0,0,0,0,Poseidon Group
5,1,3,3,110,5180,0,0,0,295,0,0,0,30,0,0,0,0,12,0,0,0,2,0,0,2,791,6,0,7,0,3,12,4,0,4,0,0,0,0,0,0,0,0,0,0,0,0,0,0,0,0,644,0,0,0,4,5,0,0,0,0,0,2,0,0,0,0,0,0,0,0,0,4,5,3,174,10,0,0,0,0,3,0,0,1,0,0,0,0,0,0,0,0,0,0,0,4,0,0,0,4,0,0,0,0,0,0,0,0,0,0,0,0,0,1,0,0,0,0,0,0,0,0,0,1,0,0,0,0,0,0,0,0,0,0,0,0,0,0,0,0,0,0,0,0,4,0,0,0,0,0,0,0,0,0,0,0,0,0,0,0,4,0,1,0,0,0,0,0,0,0,0,0,0,0,0,0,0,0,0,0,5,1,56,5,378,28,23,0,4,5,211,0,0,0,0,5,0,32,46,128,0,4,11,16,16,14,269,2,54,5,1,5,401,24,5,0,14,486,0,0,0,0,0,0,0,0,0,0,0,0,0,0,0,0,0,0,0,0,289,49,0,0,0,0,0,0,0,0,5,4,0,0,0,0,4,0,0,0,0,0,0,0,2281,1,0,0,24,0,0,0,0,0,0,0,0,0,0,0,8,24,0,0,2,0,0,3,32,8,0,0,0,13,25,15,150,0,0,12,50,39,11,0,0,0,0,0,0,0,0,0,0,0,0,0,0,0,0,0,0,0,0,0,0,0,0,0,0,0,0,0,0,0,0,0,0,0,0,0,0,0,0,690,0,31,0,0,2,0,0,0,0,0,0,0,0,0,0,0,0,0,0,0,0,0,0,0,0,0,0,0,0,0,0,0,0,0,0,0,0,0,1643,0,4,0,7,0,1,8,0,2,0,0,0,0,35,0,0,0,234,4,2,0,0,0,0,3,15,28,4,5,0,0,0,0,0,0,0,0,0,0,0,0,5,0,0,0,6,0,0,0,14,0,62,0,0,0,0,0,0,0,5,12,4,0,8,12,0,0,0,142,0,0,0,0,0,0,350,0,0,0,0,0,0,0,0,0,0,0,0,0,0,0,0,0,0,0,0,0,0,0,0,0,0,0,0,0,0,0,0,0,0,0,0,0,0,0,0,0,0,0,0,0,0,0,0,0,0,0,0,0,0,0,0,0,0,0,0,0,0,0,0,0,0,0,0,0,0,0,0,0,0,0,0,0,0,0,0,0,0,0,0,0,0,0,0,0,0,0,0,0,0,0,0,0,0,0,0,0,0,0,0,0,0,0,0,0,0,0,0,0,0,0,0,0,0,0,0,0,0,0,0,0,0,0,0,0,0,0,0,0,0,0,0,0,0,0,0,0,0,0,0,0,0,0,0,0,0,0,0,0,0,0,0,0,0,0,0,0,0,0,31,0,4,299,0,0,0,0,0,0,0,Leviathan
2,1,2,7,19,34833,0,0,0,33,0,0,0,3,0,0,0,0,3,0,0,0,0,0,0,0,192,1,0,2,0,2,3,3,0,2,0,0,0,0,0,0,0,0,0,0,0,0,1,0,0,0,158,0,0,0,3,2,0,0,0,0,0,0,0,0,0,0,0,0,0,0,0,1,5,2,51,4,0,0,0,0,4,0,0,0,1,0,1,0,1,0,0,0,0,0,0,0,0,0,0,0,0,0,0,0,0,1,0,0,0,0,0,0,0,1,0,0,0,0,0,0,1,0,1,0,1,0,1,1,0,0,0,0,0,0,0,0,0,0,0,0,0,1,0,0,0,0,0,0,0,0,1,0,0,0,0,0,0,0,0,0,2,0,2,0,0,0,0,0,0,0,0,0,0,0,0,0,0,0,0,0,1,0,7,10,78,6,0,0,3,3,70,2,0,0,0,1,0,7,5,7,0,4,5,3,4,5,146,2,1,4,1,1,81,3,3,0,3,131,0,0,0,0,0,0,0,0,0,0,0,0,0,0,0,0,1,0,0,1,47,16,2,0,0,0,0,0,0,0,2,1,0,0,2,1,2,0,0,0,0,0,0,0,694,0,0,0,0,0,0,0,0,0,0,0,0,0,0,0,3,4,0,0,0,0,0,0,11,8,0,0,0,2,2,3,32,0,0,2,0,4,0,0,0,0,0,0,0,0,0,0,0,0,0,0,0,0,0,0,0,0,0,0,0,0,0,0,0,0,0,0,0,0,0,0,0,0,0,0,0,0,0,187,0,4,0,0,2,0,0,0,0,0,0,0,0,0,0,0,0,0,0,0,0,0,0,0,0,0,0,0,0,0,0,0,0,0,0,0,0,0,544,0,3,0,2,0,0,0,0,4,0,0,0,0,2,0,0,0,71,1,1,3,0,0,3,0,2,19,3,2,0,0,0,0,0,0,0,0,0,0,0,0,0,0,0,0,2,0,0,0,3,0,6,0,0,0,0,0,0,0,4,6,2,0,3,6,0,0,0,36,0,0,0,0,0,0,74,0,0,0,0,0,0,0,0,0,0,0,0,0,0,0,0,0,0,0,0,0,0,0,0,0,0,0,0,0,0,0,0,0,0,0,0,0,0,0,0,0,0,0,0,0,0,0,0,0,0,0,0,0,0,0,0,0,0,0,0,0,0,0,0,0,0,0,0,0,0,0,0,0,0,0,0,0,0,0,0,0,0,0,0,0,0,0,0,0,0,0,0,0,0,0,0,0,0,0,0,0,0,0,0,0,0,0,0,0,0,0,0,0,0,0,0,0,0,0,0,0,0,0,0,0,0,0,0,0,0,0,0,0,0,0,0,0,0,0,0,0,0,0,0,0,0,0,0,0,0,0,0,0,0,0,1,0,0,0,0,0,0,0,18,0,2,100,0,0,0,0,0,0,0,Equation
6,4,4,12,128,10394,0,0,0,579,0,0,0,74,0,0,0,0,18,0,0,0,3,0,0,3,3478,12,0,22,0,12,24,10,0,6,0,0,0,0,0,0,0,0,0,0,0,0,0,0,0,0,1743,0,0,0,6,6,0,0,0,0,0,2,0,0,0,0,0,0,0,0,0,7,23,9,492,23,0,0,0,0,3,0,0,13,0,0,0,0,0,0,0,0,0,0,0,4,0,0,0,5,0,0,0,1,0,0,0,0,0,0,0,13,0,1,0,0,2,0,0,0,0,0,0,1,15,0,0,0,0,0,0,0,0,0,0,0,0,0,0,0,0,0,0,0,4,0,0,0,0,0,0,0,0,0,0,0,0,0,0,0,5,0,0,0,0,0,0,0,0,0,0,0,0,0,0,0,0,0,0,0,8,1,91,11,925,49,28,0,5,5,1544,0,0,0,0,5,0,71,97,268,0,4,317,73,143,79,1156,8,129,1,1,13,940,50,6,0,31,1277,0,0,0,0,0,0,0,0,0,0,0,0,0,0,0,0,1,0,0,2,2064,95,0,0,0,0,0,0,0,271,11,15,0,0,1,6,5,0,0,0,0,0,0,0,9797,1,0,0,24,0,0,0,0,0,0,0,0,0,0,0,8,19,0,0,44,0,0,3,99,14,0,0,0,43,36,18,593,0,0,33,71,64,10,0,0,0,0,0,0,0,0,0,0,0,0,0,0,0,0,0,0,0,0,0,0,0,0,0,0,0,0,0,0,0,0,0,0,0,0,0,0,0,0,1699,2,66,0,0,2,0,0,0,0,0,0,0,0,0,0,0,0,0,0,0,0,0,0,0,0,0,0,0,0,0,0,0,0,0,0,0,0,0,6451,0,32,0,18,0,1,11,0,8,0,0,0,0,25,0,3,0,637,4,4,0,0,0,0,7,68,62,19,16,0,0,0,0,0,1,0,0,0,0,0,0,14,0,0,0,18,0,0,0,59,0,93,0,0,0,0,0,0,0,6,15,6,0,8,14,0,0,0,511,0,0,0,0,0,0,1176,0,0,0,0,0,0,0,0,0,0,0,0,0,0,0,0,0,0,0,0,0,0,0,0,0,0,0,0,0,0,0,0,0,0,0,0,0,0,0,0,0,0,0,0,0,0,0,0,0,0,0,0,0,0,0,0,0,0,0,0,0,0,0,0,0,0,0,0,0,0,0,0,0,0,0,0,0,0,0,0,0,0,0,0,0,0,0,0,0,0,0,0,0,0,0,0,0,0,0,0,0,0,0,0,0,0,0,0,0,0,0,0,0,0,0,0,0,0,0,0,0,0,0,0,0,0,0,0,0,0,0,0,0,0,0,0,0,0,0,0,0,0,0,0,0,0,0,0,0,0,0,0,0,0,0,1,0,0,0,0,0,271,0,41,0,12,781,0,0,0,0,0,0,0,Poseidon Group
6,1,4,13,131,10753,0,0,0,585,0,0,0,75,0,0,0,0,17,0,0,0,3,0,0,3,3968,12,0,22,0,8,25,17,0,9,0,0,7,0,0,0,0,0,0,0,0,0,0,0,0,0,1743,0,0,0,4,6,0,0,0,0,0,2,0,0,0,0,0,0,0,0,0,5,23,5,509,23,0,0,0,0,14,0,0,1,0,0,0,0,0,0,1,1,0,0,0,4,0,0,0,5,0,0,0,0,0,0,0,0,0,0,0,0,0,1,0,0,0,1,0,0,0,0,0,1,2,0,0,0,0,0,0,0,0,0,1,0,0,0,0,0,0,0,0,0,4,0,0,0,0,0,0,0,0,0,0,0,0,1,0,0,4,0,0,0,0,0,0,0,0,0,0,0,0,0,0,0,0,0,0,0,4,1,93,17,939,49,28,0,14,5,1583,11,0,0,0,12,0,72,99,265,0,4,320,73,144,84,1149,7,128,2,1,14,907,49,7,0,28,1291,0,0,0,0,0,0,0,0,0,0,0,0,0,0,0,0,4,0,0,4,2094,98,3,0,0,0,0,0,0,269,7,4,0,0,9,4,4,0,0,0,0,0,0,0,9820,1,0,0,24,0,0,0,0,0,0,0,0,0,0,0,8,19,0,0,44,0,0,3,99,14,0,0,0,43,28,18,595,0,0,15,71,62,10,0,0,0,0,0,0,0,0,0,0,0,0,0,0,0,0,0,0,0,0,0,0,0,0,0,0,0,0,0,0,0,0,0,0,0,0,0,0,0,0,1692,2,65,0,0,2,0,0,0,0,0,0,0,0,0,0,0,0,0,0,0,0,0,0,0,0,0,0,0,0,0,0,0,0,0,0,0,0,0,7173,0,29,0,6,0,1,11,0,8,0,0,0,0,25,0,3,0,641,40,21,1,0,0,1,4,65,74,9,5,0,0,0,0,0,1,0,0,0,0,0,0,15,0,0,0,18,0,0,0,61,0,89,0,0,0,0,1,0,0,24,15,4,0,8,14,0,0,0,467,0,0,0,0,0,0,1164,0,0,0,0,0,0,0,0,0,0,0,0,0,0,0,0,0,0,0,0,0,0,0,0,0,0,0,0,0,0,0,0,0,0,0,0,0,0,0,0,0,0,0,0,0,0,0,0,0,0,0,0,0,0,0,0,0,0,0,0,0,0,0,0,0,0,0,0,0,0,0,0,0,0,0,0,0,0,0,0,0,0,0,0,0,0,0,0,0,0,0,0,0,0,0,0,0,0,0,0,0,0,0,0,0,0,0,0,0,0,0,0,0,0,0,0,0,0,0,0,0,0,0,0,0,0,0,0,0,0,0,0,0,0,0,0,0,0,0,0,0,0,0,0,0,0,0,0,0,0,0,0,0,0,0,0,0,0,0,0,0,269,0,40,0,4,760,0,0,0,0,0,0,0,Poseidon Group
31,24,35,24,159,7619,0,0,0,454,0,0,0,52,0,0,0,0,46,0,0,0,0,0,0,0,574,28,0,51,0,22,25,20,0,22,0,0,2,0,0,0,0,0,0,1,0,0,0,0,0,0,737,0,0,0,28,28,0,0,0,0,0,0,0,0,0,0,0,0,0,0,0,27,36,28,341,20,0,0,0,0,26,0,0,9,0,10,0,0,0,0,0,0,0,0,2,0,6,0,1,6,0,0,0,6,0,10,0,0,0,0,0,5,5,8,5,3,8,3,0,7,3,10,8,5,13,0,3,6,0,0,0,0,0,0,6,0,0,0,2,0,0,6,2,5,1,0,0,0,0,0,1,0,0,0,1,0,0,3,0,0,5,0,9,1,5,1,0,0,1,0,0,0,0,0,0,0,0,1,0,0,39,29,88,149,650,82,60,0,28,31,70,26,0,0,0,25,0,49,74,84,0,42,31,39,50,62,358,34,137,33,34,25,291,56,32,0,45,451,0,0,0,0,0,0,0,0,0,0,0,0,0,0,0,0,31,0,0,15,361,73,23,0,0,0,0,0,0,4,26,26,0,0,28,28,23,0,0,0,0,0,0,0,3116,0,0,0,0,0,0,0,0,0,0,0,0,0,4,0,30,29,0,0,3,0,0,0,128,9,0,0,0,29,26,17,509,0,3,147,55,51,2,0,0,0,0,0,0,0,0,0,0,0,0,0,0,0,0,0,0,0,0,0,0,0,0,0,0,0,0,0,0,0,0,0,1,0,0,0,0,0,0,988,0,50,0,0,24,0,0,0,0,0,0,0,0,0,0,0,0,0,0,0,0,0,0,0,1,0,0,0,0,0,0,0,0,0,0,0,0,0,2109,0,37,0,25,0,0,25,0,15,0,0,0,0,15,2,1,0,196,48,29,9,0,0,26,31,51,187,23,23,0,0,1,0,0,0,0,0,0,0,0,0,6,0,0,0,5,0,0,0,108,0,101,0,0,0,0,4,0,0,34,36,32,0,42,42,0,8,0,365,0,0,0,0,0,0,459,0,0,0,0,0,0,0,0,0,0,0,0,0,0,0,0,0,0,0,0,0,0,0,0,0,0,0,0,0,0,0,0,0,0,0,0,0,0,0,0,0,0,0,0,0,0,0,0,0,0,0,0,0,0,0,0,0,0,0,0,0,0,0,0,0,0,0,0,0,0,0,0,0,0,0,0,0,0,0,0,0,0,0,0,0,0,0,0,0,0,0,0,0,0,0,0,0,0,0,0,0,0,0,0,0,0,0,0,0,0,0,0,0,0,0,0,0,0,0,0,0,0,0,0,0,0,0,0,0,0,0,0,0,0,0,1,0,0,0,0,0,0,0,0,0,0,0,0,0,0,0,0,0,0,0,16,0,0,0,0,1,1,0,256,0,38,590,0,0,1,0,0,0,0,Lazarus Group
7,2,3,13,136,10970,0,0,0,590,0,0,0,90,0,0,0,0,17,0,0,0,3,0,0,3,3629,13,0,22,0,8,17,6,0,5,0,0,8,0,0,0,0,0,0,0,0,0,0,0,0,0,1755,0,0,0,5,7,0,0,0,0,0,2,0,0,0,0,0,0,0,0,0,10,24,3,616,23,0,0,0,0,7,0,0,1,0,0,0,0,0,0,0,0,0,0,0,4,0,0,0,5,0,0,0,0,0,0,0,0,0,0,0,0,0,1,0,3,0,0,0,0,2,0,0,1,3,0,0,0,0,0,0,0,0,0,0,0,0,0,0,0,0,0,1,0,5,0,0,0,0,0,0,0,0,0,0,0,0,0,0,0,4,0,0,0,0,0,0,0,0,0,0,0,0,0,0,0,0,0,0,0,5,2,122,15,1019,77,72,0,5,6,1498,0,0,0,0,7,0,93,118,351,0,5,326,76,146,86,1173,21,145,1,1,26,952,70,5,0,34,1357,0,0,0,0,0,0,0,0,0,0,0,0,0,0,0,0,1,0,0,8,2185,96,9,0,0,0,0,0,0,274,5,4,0,0,3,0,8,0,0,0,0,0,0,0,9978,1,0,0,24,0,0,0,0,0,0,0,0,0,0,0,5,19,0,0,45,0,0,3,100,14,0,0,0,43,35,18,622,0,0,26,124,111,10,0,0,0,0,0,0,0,0,0,0,0,0,0,0,0,0,0,0,0,0,0,0,0,0,0,0,0,0,0,0,0,0,0,0,0,0,0,0,0,0,1749,2,112,0,0,2,0,0,0,0,0,0,0,0,0,0,0,0,0,0,0,0,0,0,0,0,0,0,0,0,0,0,0,0,0,0,0,0,0,7003,0,29,0,6,0,1,11,0,7,0,0,0,0,25,0,3,0,675,4,34,0,0,0,0,6,66,83,8,6,0,0,0,0,0,1,0,0,0,0,0,0,16,0,0,0,18,0,0,0,60,0,90,0,0,0,0,1,0,0,5,13,6,0,6,11,0,0,0,508,0,0,0,0,0,0,1201,0,0,0,0,0,0,0,0,0,0,0,0,0,0,0,0,0,0,0,0,0,0,0,0,0,0,0,0,0,0,0,0,0,0,0,0,0,0,0,0,0,0,0,0,0,0,0,0,0,0,0,0,0,0,0,0,0,0,0,0,0,0,0,0,0,0,0,0,0,0,0,0,0,0,0,0,0,0,0,0,0,0,0,0,0,0,0,0,0,0,0,0,0,0,0,0,0,0,0,0,0,0,0,0,0,0,0,0,0,0,0,0,0,0,0,0,0,0,0,0,0,0,0,0,0,0,0,0,0,0,0,0,0,0,0,0,0,0,0,0,0,0,0,0,0,0,0,0,0,0,0,0,0,0,0,0,0,0,0,0,0,274,0,53,0,7,800,0,0,0,0,0,0,0,Poseidon Group
11,0,0,18,702,76399,0,0,0,1004,0,0,0,54,0,0,4,3,10,0,0,0,0,0,0,0,2507,1,0,23,0,7,2,3,0,1,0,0,0,0,0,0,0,0,0,0,0,0,0,0,0,0,662,0,0,0,0,0,0,0,0,0,0,0,0,0,0,0,0,0,0,0,0,4,8,29,1140,0,0,0,0,0,9,0,0,3,0,0,0,0,0,0,0,0,0,0,0,0,0,0,0,5,0,0,0,1,0,2,0,9,0,0,0,0,0,0,0,0,5,0,0,0,0,0,0,0,16,0,0,0,0,0,0,0,0,0,0,0,0,0,0,0,0,0,0,0,5,0,0,0,0,0,0,0,0,0,0,0,0,2,0,0,7,0,1,0,0,0,0,0,0,0,0,0,0,0,0,0,0,0,0,0,4,8,29,0,2009,11,13,0,0,4,580,0,1,0,0,0,0,13,25,48,0,0,83,39,64,62,493,0,43,7,16,27,525,12,8,0,17,588,0,0,0,0,0,0,0,0,0,0,0,0,0,0,0,0,1,4,0,4,2538,6,2,0,4,0,1,2,0,0,0,0,0,0,0,1,0,3,0,0,0,0,0,0,9299,0,0,0,0,0,0,3,0,0,4,0,0,0,0,0,235,257,0,7,27,0,0,9,1,3,0,0,0,18,1155,412,1932,0,0,0,23,45,0,0,0,0,0,0,0,0,0,0,0,0,0,0,0,0,0,0,0,0,0,0,0,0,0,0,0,0,0,0,0,0,0,0,0,0,0,0,0,0,0,1533,0,11,0,0,0,0,0,3,0,1,0,0,0,0,0,0,0,0,0,0,0,0,0,0,0,0,0,0,0,0,0,0,0,0,0,0,0,0,7018,0,24,0,0,0,0,1,0,1,0,0,0,0,654,0,441,0,314,8,0,1,0,0,0,0,23,674,441,0,0,0,0,0,0,0,0,0,0,0,0,0,1,0,0,0,3,0,3,0,744,1,1381,2,0,1,0,12,0,0,4,2,3,0,63,149,0,23,1,430,0,0,2,0,0,6,730,0,0,0,0,3,0,2,0,3,0,0,0,0,0,0,0,0,0,0,0,0,0,0,0,0,0,0,0,0,0,0,0,0,0,0,0,0,0,0,0,0,0,0,0,0,0,0,0,0,0,0,0,0,0,0,0,0,0,0,0,0,0,0,0,0,0,0,0,0,0,0,0,0,0,0,0,0,0,0,0,0,0,0,0,0,0,0,0,0,0,0,0,0,0,0,0,0,0,0,0,0,0,0,0,0,0,0,0,0,0,0,0,0,0,0,0,0,0,0,0,0,0,0,0,0,0,0,0,0,0,0,0,0,0,0,0,0,0,0,0,0,0,0,0,0,0,0,0,0,0,0,0,0,0,0,0,7,0,0,0,0,0,0,0,0,0,2119,0,0,0,0,0,0,0,PLATINUM
9,8,9,17,237,19245,0,0,0,822,0,0,0,89,0,0,0,0,30,3,2,2,18,0,0,0,1953,8,0,55,0,17,19,13,0,6,0,0,1,1,0,0,0,1,0,0,0,2,1,0,0,4,1556,0,0,0,8,10,0,0,0,0,0,3,0,0,0,0,0,0,0,0,0,18,26,13,394,16,0,0,0,0,13,0,0,5,2,0,1,0,0,0,0,0,0,0,0,5,1,0,0,6,0,0,0,2,0,4,1,0,0,0,0,1,1,2,0,2,5,1,0,1,0,2,1,2,2,0,2,0,0,0,0,0,0,1,2,0,1,0,0,0,0,0,1,0,5,0,0,0,0,0,1,0,0,0,0,0,0,0,2,0,30,0,1,1,4,0,0,0,0,0,0,0,0,1,0,0,0,0,0,0,12,7,146,35,896,79,38,0,36,10,480,8,0,0,0,7,0,106,81,360,0,10,83,46,99,91,931,4,235,8,3,118,974,60,41,0,74,1435,0,0,0,0,0,0,0,0,0,0,0,0,0,0,0,0,6,0,3,13,926,16,7,0,0,0,0,0,0,24,26,33,0,0,4,12,8,0,0,0,0,0,0,0,7686,0,0,6,111,52,0,0,1,0,0,0,0,0,0,12,11,45,0,1,60,0,0,6,621,13,0,0,0,61,42,25,770,0,0,29,115,98,3,0,0,0,0,0,0,0,0,0,0,0,18,0,0,0,0,0,4,0,5,0,0,0,4,0,0,0,0,0,1,0,0,0,0,0,7,0,0,0,0,1790,2,105,0,0,8,0,2,0,0,0,0,2,2,0,1,0,0,0,0,0,1,0,0,0,0,0,0,0,0,0,0,0,0,0,0,1,0,1,4283,0,34,0,9,0,10,16,0,12,0,0,0,1,28,0,2,0,532,13,70,3,0,0,6,10,112,105,24,16,0,0,0,1,4,4,1,0,0,0,0,0,24,0,0,0,25,0,0,0,326,34,317,61,0,0,0,0,0,0,9,19,10,2,30,43,0,0,0,700,0,0,0,0,0,0,1305,0,0,0,0,0,0,0,0,0,0,0,0,0,0,0,0,0,0,0,0,0,0,0,0,0,0,0,0,0,0,0,0,0,0,0,0,0,0,0,0,0,0,0,0,0,0,0,0,0,0,0,0,0,0,0,0,0,0,0,0,0,0,0,0,0,0,0,0,0,0,0,0,0,0,0,0,0,0,0,0,0,0,0,0,0,0,0,0,0,0,0,0,0,0,0,0,0,0,0,0,0,0,0,0,0,0,0,0,0,0,0,0,0,0,0,0,0,0,0,0,0,0,0,0,0,0,0,0,0,0,0,0,0,0,0,0,0,0,0,0,0,0,0,0,0,0,0,0,0,0,0,0,0,0,0,6,0,0,0,0,0,24,0,67,0,6,1389,0,6,0,0,0,0,0,Thrip
0,0,0,1,9,6458,0,0,0,144,0,0,0,1,0,0,0,0,1,0,0,0,0,0,0,0,839,9,0,2,0,1,0,0,0,0,0,0,0,0,0,0,0,0,0,0,0,0,0,0,0,0,565,0,0,0,0,0,0,0,0,0,0,0,0,0,0,0,0,0,0,0,0,0,0,0,510,1,0,0,0,0,0,0,0,0,1,0,0,0,0,0,0,0,0,0,0,0,0,0,0,0,0,0,0,1,0,0,0,0,0,0,0,0,0,0,0,0,4,0,0,0,1,0,0,0,1,0,0,0,0,0,0,0,0,0,0,1,0,0,0,0,0,0,0,0,0,0,0,0,0,0,0,0,0,0,0,0,0,1,0,0,4,0,1,1,0,0,0,0,0,0,0,0,0,0,0,0,0,0,0,0,0,2,9,6,1157,3,1,0,5,0,289,0,0,0,0,0,0,22,18,30,0,0,4,6,20,5,426,6,38,0,1,11,345,1,0,0,2,336,0,0,0,0,0,0,0,0,0,0,0,0,0,0,0,0,0,0,0,0,462,17,0,0,0,0,0,0,0,0,0,0,0,0,0,0,0,0,0,0,0,0,0,0,2646,0,0,0,0,0,0,0,0,0,0,0,0,0,0,0,0,12,0,0,8,0,0,0,41,0,0,0,0,10,1,2,101,0,0,0,3,3,0,0,0,0,0,0,0,0,0,0,0,0,0,0,0,0,0,0,0,0,0,0,0,0,0,0,0,0,0,0,0,0,0,0,0,0,0,0,0,0,0,733,0,1,0,0,0,0,0,0,0,0,0,0,0,0,0,0,0,0,0,0,0,0,0,0,0,0,0,0,0,0,0,0,0,0,0,0,0,0,2510,0,0,0,0,0,0,0,0,0,0,0,0,0,0,0,0,0,222,0,1,0,0,0,0,0,0,19,0,0,0,0,0,0,0,1,1,0,0,0,0,0,0,0,0,0,22,0,0,0,21,0,32,0,0,0,0,0,0,0,0,0,0,0,0,0,0,0,0,84,0,0,0,0,0,0,236,0,0,0,0,0,0,0,0,0,0,0,0,0,0,0,0,0,0,0,0,0,0,0,0,0,0,0,0,0,0,0,0,0,0,0,0,0,0,0,0,0,0,0,0,0,0,0,0,0,0,0,0,0,0,0,0,0,0,0,0,0,0,0,0,0,0,0,0,0,0,0,0,0,0,0,0,0,0,0,0,0,0,0,0,0,0,0,0,0,0,0,0,0,0,0,0,0,0,0,0,0,0,0,0,0,0,0,0,0,0,0,0,0,0,0,0,0,0,0,0,0,0,0,0,0,0,0,0,0,0,0,0,0,0,0,0,0,0,0,0,0,0,0,0,0,0,0,0,0,0,0,0,0,0,0,0,0,0,0,0,0,0,0,0,0,0,236,0,0,0,0,0,0,0,Equation
7,1,4,11,134,9925,0,0,0,656,0,0,0,83,0,0,0,0,32,0,0,0,3,0,0,3,3336,16,0,27,0,6,21,9,0,4,0,0,0,0,0,0,0,0,2,0,0,0,0,0,0,0,1613,0,0,0,6,10,0,0,0,0,0,2,0,0,0,0,0,0,0,0,0,5,23,4,258,23,0,0,0,0,3,0,0,3,0,0,0,0,0,0,0,0,0,0,0,4,0,0,0,4,0,0,0,0,0,1,0,0,0,0,0,3,0,1,0,0,12,0,0,0,0,0,1,1,3,0,0,0,0,0,0,0,0,0,1,0,0,0,0,0,0,0,0,0,4,0,0,0,0,0,1,0,0,0,0,0,0,1,0,0,4,0,1,0,3,0,0,0,0,0,0,0,0,0,0,0,0,0,0,0,6,5,84,7,936,51,26,0,5,5,238,0,0,0,0,5,0,70,91,265,0,4,46,60,89,75,1113,12,128,2,1,11,855,48,6,0,28,1203,0,0,0,0,0,0,0,0,0,0,0,0,0,0,0,0,2,0,0,1,1568,123,3,0,0,0,0,0,0,3,8,5,0,0,1,5,4,0,0,0,0,0,0,0,6938,1,0,0,24,0,0,0,0,0,0,0,0,0,0,0,8,19,0,0,45,0,0,3,89,13,0,0,0,36,27,18,326,0,0,14,67,64,10,0,0,0,0,0,0,0,0,0,0,0,0,0,0,0,0,0,0,0,0,0,0,0,0,0,0,0,0,0,0,0,0,0,0,0,0,0,0,0,0,1799,2,78,0,0,7,0,0,0,0,0,0,0,0,0,0,0,0,0,0,0,0,0,0,0,0,0,0,0,0,0,0,0,0,0,0,0,0,0,5817,0,30,0,18,0,1,11,0,8,0,0,0,0,26,0,3,0,619,5,2,0,0,0,10,4,59,45,9,7,0,0,0,0,2,1,0,0,0,0,0,0,12,0,0,0,15,0,0,0,56,0,76,0,0,0,0,0,0,0,4,15,4,0,11,36,0,8,0,369,0,0,0,0,0,0,792,0,0,0,0,0,0,0,0,0,0,0,0,0,0,0,0,0,0,0,0,0,0,0,0,0,0,0,0,0,0,0,0,0,0,0,0,0,0,0,0,0,0,0,0,0,0,0,0,0,0,0,0,0,0,0,0,0,0,0,0,0,0,0,0,0,0,0,0,0,0,0,0,0,0,0,0,0,0,0,0,0,0,0,0,0,0,0,0,0,0,0,0,0,0,0,0,0,0,0,0,0,0,0,0,0,0,0,0,0,0,0,0,0,0,0,0,0,0,0,0,0,0,0,0,0,0,0,0,0,0,0,0,0,0,0,0,0,0,0,0,0,0,0,0,0,0,0,0,0,0,0,0,0,0,0,0,0,0,0,0,0,3,0,49,0,4,689,0,0,0,0,0,0,0,Poseidon Group
19,17,22,18,286,12084,0,1,0,285,0,0,0,21,0,0,0,0,21,0,0,1,0,0,0,0,1633,9,0,27,0,16,13,13,0,14,0,0,0,0,0,0,0,0,0,0,1,0,1,0,0,0,786,0,0,0,10,20,2,1,0,0,0,1,0,0,0,0,0,0,0,0,0,20,16,24,237,12,0,0,0,0,9,0,0,3,0,3,2,0,1,1,0,0,0,1,0,0,3,0,0,1,0,0,1,5,4,8,0,0,0,0,0,5,5,5,6,11,11,0,0,4,5,7,1,6,5,0,3,2,0,0,0,0,0,0,5,0,0,0,0,0,2,0,2,2,2,0,0,0,0,0,2,0,0,0,1,0,1,3,0,0,9,0,1,1,1,0,0,2,0,1,0,0,0,1,0,0,0,0,0,0,34,4,57,75,431,40,17,0,12,17,242,18,0,0,0,18,0,98,85,112,0,11,38,43,83,97,329,11,61,15,10,31,485,32,13,0,17,571,0,0,0,0,0,0,0,0,0,0,0,0,0,0,0,0,20,0,0,15,991,13,14,0,0,0,0,0,0,13,13,14,0,0,6,29,22,0,0,0,0,0,0,0,7196,0,1,0,0,0,0,0,0,0,0,0,0,0,0,0,32,36,0,5,2,0,0,1,0,11,0,0,0,30,2137,30,557,0,0,74,27,23,0,0,0,0,0,0,0,1,0,0,0,0,0,0,0,0,0,0,0,0,0,0,0,0,0,0,0,0,0,0,0,0,0,0,0,0,0,0,0,0,0,1446,0,34,0,0,31,0,0,0,0,0,0,0,0,0,0,0,0,0,0,0,0,0,1,0,1,0,0,0,0,0,0,0,0,1,0,0,1,0,4437,0,18,0,16,0,0,19,0,16,0,0,0,0,108,2,13,0,539,29,24,16,0,0,15,18,23,319,32,16,0,0,0,0,0,1,1,2,1,0,0,0,11,0,0,0,9,0,0,0,133,1,132,2,0,0,0,5,0,0,17,14,12,0,41,68,0,27,1,401,0,0,0,0,0,0,805,0,0,0,0,0,0,1,0,0,0,0,0,0,0,0,0,0,0,0,0,0,0,0,0,0,0,0,0,0,0,0,0,0,0,0,0,0,0,0,0,0,0,0,0,0,0,0,0,0,0,0,0,0,0,0,0,0,0,0,0,0,0,0,0,0,0,0,0,0,0,0,0,0,0,0,0,0,0,0,0,0,0,0,0,0,0,0,0,0,0,0,0,0,0,0,0,0,0,0,0,0,0,0,0,0,0,0,0,0,0,0,0,0,0,0,0,0,0,0,0,0,0,0,0,0,0,0,0,0,0,0,0,0,0,0,0,0,0,0,0,0,0,0,0,0,0,0,0,0,0,0,0,0,0,0,7,0,0,0,0,0,0,0,169,0,29,793,0,0,0,0,0,0,0,APT38
39,24,35,30,182,13298,0,0,0,362,0,0,0,44,0,0,0,0,40,0,0,0,0,0,0,0,1840,34,0,66,0,69,25,60,0,51,0,0,2,0,0,0,0,0,0,1,0,0,0,0,0,0,964,0,0,0,28,29,0,0,0,0,0,0,0,0,0,0,0,0,0,0,0,28,36,22,664,25,0,0,0,0,32,0,0,12,0,10,0,0,0,0,0,0,0,0,2,0,6,0,1,6,0,0,0,11,0,11,0,0,0,0,0,5,5,8,8,3,24,3,0,7,4,10,8,5,17,0,3,6,0,0,0,0,0,0,17,0,0,0,2,0,0,6,2,5,2,0,0,0,0,0,1,0,0,0,1,0,0,3,0,0,18,0,9,1,5,1,0,0,1,0,0,0,0,0,0,0,0,1,0,0,63,29,109,124,1731,74,58,0,28,31,649,28,0,0,0,26,0,49,89,105,0,28,42,71,86,101,877,24,138,31,34,25,548,50,34,0,43,664,0,0,0,0,0,0,0,0,0,0,0,0,0,0,0,0,31,0,0,16,1358,26,26,0,0,0,0,0,0,4,26,26,0,0,28,29,26,0,0,0,0,0,0,0,8288,0,0,0,0,0,0,0,0,0,0,0,0,0,4,0,70,76,0,2,8,0,0,0,1,11,0,0,0,50,2701,52,592,0,3,113,50,47,0,0,0,0,0,0,0,0,0,0,0,0,0,0,0,0,0,0,0,0,0,0,0,0,0,0,0,0,0,0,0,0,0,0,1,0,0,0,0,0,0,1829,0,63,0,0,24,0,0,0,0,0,0,0,0,0,0,0,0,0,0,0,0,0,0,0,1,0,0,0,0,0,0,0,0,0,0,0,0,0,4786,0,42,0,24,0,0,26,0,17,0,0,0,0,128,3,40,0,683,54,35,11,0,0,25,32,72,221,62,23,0,0,1,0,1,0,0,0,0,0,0,0,4,0,0,0,4,0,0,0,117,0,152,1,0,0,0,7,0,0,66,37,42,0,56,65,0,21,0,521,0,0,0,0,0,0,984,0,0,0,0,0,0,0,0,0,0,0,0,0,0,0,0,0,0,0,0,0,0,0,0,0,0,0,0,0,0,0,0,0,0,0,0,0,0,0,0,0,0,0,0,0,0,0,0,0,0,0,0,0,0,0,0,0,0,0,0,0,0,0,0,0,0,0,0,0,0,0,0,0,0,0,0,0,0,0,0,0,0,0,0,0,0,0,0,0,0,0,0,0,0,0,0,0,0,0,0,0,0,0,0,0,0,0,0,0,0,0,0,0,0,0,0,0,0,0,0,0,0,0,0,0,0,0,0,0,0,0,0,0,0,0,1,0,0,0,0,0,0,0,0,0,0,0,0,0,0,0,0,0,0,0,19,0,0,0,0,1,1,0,260,0,38,894,0,0,1,0,0,0,0,Lazarus Group
20,7,10,10,149,7627,0,0,0,363,0,0,0,41,0,0,0,0,15,0,0,0,2,0,0,0,1763,50,0,42,0,23,11,8,0,5,0,0,0,0,0,1,1,0,0,0,0,0,1,0,0,0,1252,0,0,0,24,17,0,0,0,0,0,0,0,0,0,0,0,0,0,0,0,33,13,14,512,24,0,0,0,0,5,0,0,3,2,0,0,0,0,0,0,0,2,0,0,0,0,0,0,4,0,0,0,1,2,0,0,0,0,0,0,1,1,1,0,1,9,0,0,2,3,0,2,0,9,0,0,1,0,0,0,0,0,0,1,1,0,0,0,0,0,0,0,1,2,0,0,0,0,0,1,0,0,0,0,0,0,2,0,0,4,0,1,1,0,0,0,0,0,0,0,0,0,0,0,0,0,0,0,0,5,6,26,20,1381,12,19,0,9,2,101,7,0,0,0,5,0,67,59,67,0,0,49,111,61,79,856,14,94,21,33,43,715,26,36,0,31,734,0,0,0,0,0,0,0,0,0,0,0,0,0,0,0,0,26,0,0,5,1137,117,4,0,0,0,0,0,0,2,14,14,0,0,8,10,2,0,0,0,0,0,0,0,7864,0,0,0,0,0,0,0,0,0,0,0,0,0,0,0,24,70,0,12,2,0,0,1,136,22,0,0,0,34,95,14,416,0,0,9,17,20,0,0,0,0,0,0,0,0,0,0,0,0,0,0,0,0,0,0,0,0,0,0,0,0,0,0,0,0,0,0,0,0,0,0,0,0,0,0,0,0,0,1456,0,59,0,0,25,0,0,0,0,0,0,0,0,0,0,0,0,0,0,0,0,0,0,0,0,0,0,0,0,0,0,0,0,0,0,0,0,0,4577,0,17,0,20,0,0,7,0,17,0,0,0,0,14,3,0,0,472,4,24,7,0,0,20,5,6,331,18,18,0,0,0,0,0,0,0,0,0,0,0,0,3,0,1,0,6,0,0,0,32,0,31,1,0,0,0,0,0,0,10,11,54,0,15,17,0,0,0,252,0,0,0,0,0,0,563,0,0,0,0,0,0,0,0,0,0,0,0,0,0,0,0,1,0,0,0,0,0,0,0,0,0,0,0,0,0,0,0,0,0,0,0,0,0,0,0,0,0,0,0,0,0,0,0,0,0,0,0,0,0,0,0,0,0,0,0,0,0,0,0,0,0,0,0,0,0,0,0,0,0,0,0,0,0,0,0,0,0,0,0,0,0,0,0,0,0,0,0,0,0,0,0,0,0,0,0,0,0,0,0,0,0,0,0,0,0,0,0,0,0,0,0,0,0,0,0,0,0,0,0,0,0,0,0,0,0,0,0,0,0,0,0,0,0,0,0,0,0,0,0,0,0,0,0,0,0,0,0,0,0,0,36,0,0,0,0,0,0,0,494,0,14,627,0,0,0,0,0,0,0,Equation
2111,2151,2133,2176,12744,18314,0,6,0,12976,7,0,5,2113,1,0,0,5,1438,26,14,113,21,25,8,21,3109,2119,29,2118,0,2174,2295,2102,4,2215,7,4,11,9,5,7,4,8,10,7,11,8,6,8,13,10,13750,0,0,6,2020,2062,8,14,0,2,3,15,3,6,6,8,0,1,6,0,27,2042,2014,1974,17190,544,8,0,0,10,1948,9,8,485,64,192,232,6,50,65,65,47,62,64,55,63,424,75,55,477,9,6,6,498,59,506,63,11,0,52,83,352,372,343,357,382,579,366,9,384,636,535,365,406,632,10,185,188,9,11,7,9,9,13,554,71,4,8,8,13,5,199,185,181,177,11,9,13,12,9,182,0,12,5,4,4,7,404,1,2,660,2,557,57,482,44,6,64,80,60,71,8,9,70,0,0,11,4,6,8,2240,535,4505,8156,18516,2208,2022,5,2012,2264,2186,2032,10,1,5,2127,0,2032,2167,2102,13,2058,2059,2122,2161,2018,4556,2150,2040,2060,2052,2016,2616,2078,2098,0,2096,2588,0,0,0,1,1,0,0,1,0,1,0,1,2,0,1,1,2193,10,0,1523,1894,2111,1530,9,2,6,0,4,3,152,2123,2027,0,7,2110,2051,2128,11,5,2,2,5,6,1,54611,1,18,12,24,0,1,11,0,0,13,5,5,7,5,19,2004,2179,0,11,23,0,1,18,97,533,0,8,0,557,2130,610,13213,0,4,8202,2065,2042,17,7,7,9,5,11,6,8,4,5,5,9,0,5,10,10,5,6,6,4,16,5,3,10,0,12,1,0,1,0,14,11,11,8,13,9,1,8,10,8,7,23953,4,2167,0,6,2034,0,5,1,1,2,10,0,0,5,7,10,11,8,5,3,0,9,8,7,15,8,8,8,11,7,8,0,9,4,6,4,8,4,31053,12,2108,10,2105,0,5,1530,7,1494,12,10,0,12,194,42,38,3,4257,4202,1514,1565,9,8,2038,2117,1540,12761,2049,2092,10,5,7,8,8,5,5,6,13,8,9,2,14,10,9,5,20,0,0,0,3008,13,1590,19,6,0,1,2,0,7,2283,2165,2185,1,2137,2028,0,9,0,13002,0,9,4,9,7,4,9571,0,6,7,7,7,0,2,0,6,0,0,2,0,0,0,0,1,1,1,1,0,0,0,0,1,0,0,1,0,0,0,1,3,0,0,0,0,1,1,1,0,1,0,0,0,1,0,1,0,0,0,0,1,0,0,2,0,1,0,0,0,0,0,0,0,2,0,0,0,2,1,0,2,11,2,0,0,15,1,1,1,0,2,0,0,0,0,0,0,0,0,2,2,0,1,0,1,0,1,0,1,0,0,1,2,0,0,0,0,0,1,1,0,0,0,0,1,1,1,2,2,0,0,4,0,2,0,0,1,1,1,0,0,1,0,0,2,0,2,0,1,1,0,1,0,1,1,1,1,0,0,0,1,1,0,2113,11,9,0,8,13,37,15,18605,0,2104,13241,0,4,18,2,0,0,1,APT32
22,26,23,26,303,8016,0,0,0,675,0,0,0,21,0,0,0,0,15,0,1,2,1,0,0,0,4679,11,0,31,0,25,29,22,0,22,0,0,0,0,0,0,0,0,0,0,0,0,1,0,0,0,3998,0,0,0,30,21,0,1,0,0,0,0,0,1,0,0,0,0,0,0,0,31,21,24,479,20,0,0,0,0,16,0,0,14,4,0,1,0,1,0,1,1,0,0,1,0,4,0,0,2,1,0,0,6,2,4,2,0,0,0,1,9,1,3,2,3,9,4,1,3,1,1,3,1,15,0,2,0,0,0,0,0,0,0,6,2,0,0,0,0,0,0,1,0,3,0,0,0,0,0,5,0,0,0,0,0,0,6,0,0,10,0,5,1,4,1,0,0,0,3,1,0,0,3,0,0,0,0,0,0,24,3,72,118,926,20,22,0,22,19,91,19,0,0,0,22,0,123,188,183,0,24,51,60,72,32,1942,17,113,17,19,34,2583,30,25,0,47,2922,0,0,0,0,0,0,0,0,0,0,0,0,0,0,0,0,17,0,0,12,2903,420,16,0,0,0,0,0,0,5,25,19,0,0,28,29,19,0,0,0,0,0,0,0,13107,0,0,0,0,0,0,0,0,0,0,0,0,1,0,1,27,92,0,42,13,0,0,0,232,16,0,0,0,39,35,94,523,0,0,72,22,28,0,0,0,0,0,0,0,0,0,0,0,0,0,0,0,0,0,0,0,1,0,0,0,0,0,0,0,0,0,0,0,0,0,0,0,0,0,0,0,0,0,3813,1,13,0,0,25,0,0,0,0,0,0,0,0,0,0,0,0,0,0,0,0,0,0,0,1,0,0,0,0,0,0,0,0,0,0,0,0,0,12543,0,19,0,33,0,0,16,0,11,0,0,0,1,91,13,1,0,993,32,172,126,0,0,21,19,100,193,20,24,0,0,0,0,0,0,0,0,0,0,1,0,14,6,0,1,15,0,0,0,98,4,185,0,1,0,0,4,0,0,26,27,17,0,41,197,0,30,0,824,0,0,0,0,0,0,2038,0,0,0,0,0,0,0,0,0,0,0,0,0,0,0,0,0,0,0,0,0,0,0,0,0,0,0,0,0,0,0,0,0,0,0,0,0,0,0,0,0,1,0,0,0,0,0,0,0,0,0,0,0,0,0,0,0,0,0,0,0,0,0,0,0,0,0,0,0,0,0,0,0,0,0,0,0,0,0,0,0,0,0,0,1,0,0,0,0,0,0,0,0,0,0,0,0,0,0,0,0,0,0,0,0,0,0,0,0,0,0,0,0,0,0,0,0,0,0,0,0,0,0,0,0,0,0,0,0,1,0,0,0,0,0,0,0,0,0,0,0,0,0,0,0,0,0,0,0,0,0,0,0,0,0,20,0,1,0,0,0,0,0,187,0,28,1665,0,0,0,0,0,0,0,Equation
7,1,4,11,123,10750,0,0,0,676,0,0,0,90,0,0,0,0,16,0,0,0,3,0,0,3,3483,32,0,44,0,9,17,7,0,4,0,0,0,0,0,0,0,0,0,0,0,0,0,0,0,0,1620,0,0,0,6,6,0,0,0,0,0,2,0,0,0,0,0,0,0,0,0,13,23,3,352,23,0,0,0,0,3,0,0,1,0,0,0,0,0,0,0,0,0,0,0,4,0,0,0,4,0,0,0,0,0,0,0,0,0,0,0,5,0,1,0,0,4,0,0,0,0,1,0,1,3,0,0,0,0,0,0,0,0,0,1,0,0,0,0,0,0,0,0,0,4,0,0,0,0,0,1,0,0,0,0,0,0,0,0,0,4,0,0,0,1,0,0,0,0,0,0,0,0,0,0,0,0,0,0,0,5,5,131,12,1121,90,83,0,10,6,215,1,0,0,0,7,0,91,110,350,0,4,45,61,91,75,1130,10,147,12,1,25,869,83,5,0,29,1273,0,0,0,0,0,0,0,0,0,0,0,0,0,0,0,0,0,0,0,0,1668,127,1,0,0,0,0,0,0,3,8,4,0,0,1,1,4,0,0,0,0,0,0,0,6984,1,0,0,24,0,0,0,0,0,0,0,0,0,0,0,5,19,0,0,45,0,0,3,89,13,0,0,0,36,26,18,355,0,0,17,136,120,10,0,0,0,0,0,0,0,0,0,0,0,0,0,0,0,0,0,0,0,0,0,0,0,0,0,0,0,0,0,0,0,0,0,0,0,0,0,0,0,0,1757,2,112,0,0,2,0,0,0,0,0,0,0,0,0,0,0,0,0,0,0,0,0,0,0,0,0,0,0,0,0,0,0,0,0,0,0,0,0,6305,0,31,0,6,0,1,11,0,6,0,0,0,0,25,0,3,0,641,7,3,1,0,0,1,5,60,47,9,5,0,0,0,0,2,1,0,0,0,0,0,0,12,0,0,0,15,0,0,0,54,0,75,0,0,0,0,0,0,0,5,14,5,0,11,36,0,8,0,361,0,0,0,0,0,0,784,0,0,0,0,0,0,0,0,0,0,0,0,0,0,0,0,0,0,0,0,0,0,0,0,0,0,0,0,0,0,0,0,0,0,0,0,0,0,0,0,0,0,0,0,0,0,0,0,0,0,0,0,0,0,0,0,0,0,0,0,0,0,0,0,0,0,0,0,0,0,0,0,0,0,0,0,0,0,0,0,0,0,0,0,0,0,0,0,0,0,0,0,0,0,0,0,0,0,0,0,0,0,0,0,0,0,0,0,0,0,0,0,0,0,0,0,0,0,0,0,0,0,0,0,0,0,0,0,0,0,0,0,0,0,0,0,0,0,0,0,0,0,0,0,0,0,0,0,0,0,0,0,0,0,0,0,0,0,0,0,0,3,0,57,0,13,700,0,0,0,0,0,0,0,Poseidon Group
14,4,3,5,21,10179,0,0,0,345,0,0,0,19,0,0,0,0,21,0,0,0,0,0,0,0,3754,21,0,14,0,9,11,2,0,2,0,0,0,0,0,0,0,0,0,0,0,0,0,0,0,0,1314,0,0,0,15,13,0,0,0,0,0,0,0,0,0,0,0,0,0,0,0,8,13,28,861,14,0,0,0,0,2,0,0,5,0,0,0,0,0,0,0,0,0,0,0,0,1,0,0,4,0,0,0,3,0,0,0,0,0,0,0,1,1,1,0,0,2,1,0,0,1,0,0,0,5,1,0,0,0,0,0,0,0,1,1,0,0,0,0,0,0,0,0,0,5,0,0,0,0,0,0,0,0,0,0,0,0,0,0,0,3,0,2,0,8,0,0,0,0,1,0,0,0,0,0,0,0,0,0,0,2,12,80,28,2182,6,5,0,6,2,241,1,0,0,0,5,0,40,61,62,0,4,4,68,56,41,1365,18,83,20,23,15,693,26,39,0,31,1160,0,0,0,0,0,0,0,0,0,0,0,0,0,0,0,0,2,0,0,0,3786,214,1,0,0,0,0,0,0,1,20,16,0,0,0,5,2,0,0,0,0,0,0,0,10078,0,1,0,0,0,0,0,0,0,0,0,0,0,0,0,13,138,0,1,2,0,0,0,70,9,0,0,0,41,414,1,260,0,0,14,28,2,0,0,0,0,0,0,0,0,0,0,0,0,0,0,0,0,0,0,0,0,0,0,0,0,0,0,0,0,0,0,0,0,0,0,0,0,0,0,0,0,0,2186,0,4,0,0,2,0,0,0,0,0,0,0,0,0,0,0,0,0,0,0,0,0,0,0,0,0,0,0,0,0,0,0,0,0,0,0,0,0,7628,0,26,0,15,0,0,2,0,3,0,0,0,0,42,0,2,0,719,0,14,0,0,0,6,2,76,81,11,10,0,0,0,0,0,4,2,0,0,0,0,0,4,0,0,0,4,0,0,0,89,1,72,0,0,0,0,0,0,0,1,0,1,0,10,91,0,14,0,669,0,0,0,0,0,0,845,0,0,0,0,0,0,0,0,0,0,0,0,0,0,0,0,0,0,0,0,0,0,0,0,0,0,0,0,0,0,0,0,0,0,0,0,0,0,0,0,0,0,0,0,0,0,0,0,0,0,0,0,0,0,0,0,0,0,0,0,0,0,0,0,0,0,0,0,0,0,0,0,0,0,0,0,0,0,0,0,0,0,0,0,0,0,0,0,0,0,0,0,0,0,0,0,0,0,0,0,0,0,0,0,0,0,0,0,0,0,0,0,0,0,0,0,0,0,0,0,0,0,0,0,0,0,0,0,0,0,0,0,0,0,0,0,0,0,0,0,0,0,0,0,0,0,0,0,0,0,0,0,0,0,0,0,0,0,0,0,0,0,0,21,0,1,772,0,0,0,0,0,0,0,Equation
21,26,46,112,478,8851,7,1,5,818,0,7,0,89,0,0,0,0,51,2,7,1,24,0,0,1,1650,18,0,25,0,34,25,21,0,21,9,3,6,0,0,0,0,0,0,0,1,5,1,0,1,9,1689,2,2,0,21,22,0,4,0,0,0,4,0,0,0,0,1,0,0,1,0,37,41,27,432,25,0,2,0,0,23,2,6,16,4,4,2,11,1,1,0,0,0,1,0,4,9,0,0,15,4,0,1,6,4,18,2,0,0,0,0,8,6,7,8,8,13,5,0,5,7,8,1,8,109,10,12,4,1,0,2,2,1,17,10,3,2,0,0,0,2,0,8,5,30,0,1,0,0,5,3,1,4,0,1,0,1,14,2,0,122,17,4,2,5,0,4,5,0,1,0,3,3,16,0,1,0,4,0,0,42,4,170,92,818,90,48,1,44,27,766,36,0,0,0,36,0,130,108,356,0,19,59,43,70,99,860,17,270,22,16,75,955,55,62,0,75,1393,0,0,0,0,0,0,0,0,0,0,0,0,0,0,0,0,28,0,3,29,890,34,32,0,0,0,0,0,0,32,28,27,0,0,10,34,32,0,0,0,0,0,0,0,8457,25,7,9,102,56,0,0,2,10,0,0,0,0,0,14,32,41,0,1,29,0,0,11,401,35,8,0,3,54,91,36,854,2,0,97,102,64,1,0,0,0,0,0,0,1,0,0,0,0,18,0,0,0,0,0,7,0,1,0,0,0,1,4,0,0,0,0,0,0,0,0,0,0,8,0,1,0,0,2216,3,110,0,0,18,0,1,0,0,0,0,2,2,1,0,2,0,0,0,0,0,4,1,0,2,0,0,0,0,0,0,0,0,1,0,0,1,0,4062,0,59,0,44,0,6,29,0,22,0,0,0,0,21,0,2,0,788,39,82,54,0,0,27,26,93,404,34,21,0,5,0,4,3,0,1,0,1,0,0,0,22,0,0,0,40,0,0,0,216,2,258,2,0,0,0,7,0,0,28,27,20,8,19,46,0,0,1,1015,2,0,0,0,0,0,1267,1,0,0,0,0,2,1,2,0,0,0,0,0,0,0,0,0,0,0,0,0,0,0,0,0,0,0,0,0,0,0,0,0,0,0,0,0,0,0,0,0,0,0,0,0,0,0,0,0,0,0,0,0,0,0,0,0,0,0,0,0,0,0,0,0,0,0,0,0,0,0,0,0,0,0,0,0,0,0,0,0,0,0,0,0,0,0,0,0,0,0,0,0,0,1,1,0,0,0,0,0,0,0,0,0,0,0,0,2,0,0,0,0,0,0,0,0,0,0,0,0,0,0,0,0,0,0,0,0,0,0,0,0,0,0,0,0,0,0,0,0,0,0,0,0,0,0,0,0,0,0,0,0,2,2,33,0,0,0,0,0,7,0,248,1,55,1016,1,2,0,0,0,0,0,Tropical Trooper
6,2,4,12,131,10843,0,0,0,600,0,0,0,90,0,0,0,0,17,0,0,0,3,0,0,3,3619,14,0,22,0,10,19,6,0,5,0,0,14,0,0,0,0,0,0,0,0,0,0,0,0,0,1756,0,0,0,4,7,0,0,0,0,0,2,0,0,0,0,0,0,0,0,0,10,27,3,616,23,0,0,0,0,1,0,0,1,0,0,0,0,0,0,0,0,0,0,0,4,0,0,0,5,0,0,0,0,0,0,0,0,0,0,0,0,0,1,0,3,0,0,0,0,0,0,0,1,3,0,0,0,0,0,0,0,0,0,0,0,0,0,0,0,0,0,1,0,4,0,0,0,0,0,0,0,0,0,0,0,0,0,0,0,4,0,0,0,1,0,0,0,0,0,0,0,0,0,0,0,0,0,0,0,5,1,125,17,1009,77,71,0,6,7,1491,1,0,0,0,6,0,94,118,351,0,5,321,76,144,85,1175,20,145,1,1,25,952,68,5,0,33,1358,0,0,0,0,0,0,0,0,0,0,0,0,0,0,0,0,1,0,0,2,2175,96,6,0,0,0,0,0,0,271,7,4,0,0,4,4,9,0,0,0,0,0,0,0,9969,1,0,0,24,0,0,0,0,0,0,0,0,0,0,0,6,19,0,0,45,0,0,3,100,14,0,0,0,43,35,18,616,0,0,25,123,111,10,0,0,0,0,0,0,0,0,0,0,0,0,0,0,0,0,0,0,0,0,0,0,0,0,0,0,0,0,0,0,0,0,0,0,0,0,0,0,0,0,1756,2,112,0,0,2,0,0,0,0,0,0,0,0,0,0,0,0,0,0,0,0,0,0,0,0,0,0,0,0,0,0,0,0,0,0,0,0,0,6993,0,27,0,7,0,1,11,0,6,0,0,0,0,25,0,3,0,678,4,32,1,0,0,0,6,68,75,8,6,0,0,0,0,0,1,0,0,0,0,0,0,16,0,0,0,18,0,0,0,60,0,90,0,0,0,0,0,0,0,5,13,4,0,6,11,0,0,0,504,0,0,0,0,0,0,1198,0,0,0,0,0,0,0,0,0,0,0,0,0,0,0,0,0,0,0,0,0,0,0,0,0,0,0,0,0,0,0,0,0,0,0,0,0,0,0,0,0,0,0,0,0,0,0,0,0,0,0,0,0,0,0,0,0,0,0,0,0,0,0,0,0,0,0,0,0,0,0,0,0,0,0,0,0,0,0,0,0,0,0,0,0,0,0,0,0,0,0,0,0,0,0,0,0,0,0,0,0,0,0,0,0,0,0,0,0,0,0,0,0,0,0,0,0,0,0,0,0,0,0,0,0,0,0,0,0,0,0,0,0,0,0,0,0,0,0,0,0,0,0,0,0,0,0,0,0,0,0,0,0,0,0,0,0,0,0,0,0,270,0,53,0,7,799,0,0,0,0,0,0,0,Poseidon Group
10,8,14,9,124,12896,0,0,0,572,0,0,0,82,0,0,0,0,29,0,0,0,2,0,0,2,1413,8,0,10,0,7,22,10,0,4,0,0,0,0,0,0,0,0,0,0,0,0,0,0,0,0,1159,0,0,0,10,11,0,0,0,0,0,0,0,0,0,0,0,0,0,0,0,5,28,11,227,13,0,0,0,0,5,0,0,1,0,0,0,0,0,0,0,0,0,0,0,4,0,0,0,5,0,0,0,6,0,7,0,0,0,0,0,2,4,6,0,2,4,0,0,2,2,6,0,3,3,0,2,2,0,0,0,0,0,0,0,0,0,0,0,0,0,0,0,2,4,0,0,0,0,0,2,0,0,0,0,0,0,0,0,0,4,0,0,0,0,0,0,0,0,0,0,0,0,0,0,0,0,0,0,0,15,1,102,46,650,60,21,0,9,5,227,4,0,0,0,5,0,48,82,241,0,7,26,19,40,35,534,3,135,8,7,31,617,50,12,0,33,983,0,0,0,0,0,0,0,0,0,0,0,0,0,0,0,0,3,0,0,1,542,105,5,0,0,0,0,0,0,2,7,6,0,0,6,4,8,0,0,0,0,0,0,0,4638,0,0,0,27,0,0,0,0,0,0,0,0,0,0,0,4,38,0,3,17,0,0,3,145,10,0,0,0,18,24,12,514,0,0,27,82,70,3,0,0,0,0,0,0,0,0,0,0,0,0,0,0,0,0,0,0,0,0,0,0,0,0,0,0,0,0,0,0,0,0,0,0,0,0,0,0,0,0,1290,2,79,0,0,4,0,0,0,0,0,0,0,0,0,0,0,0,0,0,0,0,0,0,0,2,0,0,0,0,0,0,0,0,0,0,0,0,0,2910,0,36,0,4,0,1,11,0,2,0,0,0,0,26,1,0,0,422,9,11,4,0,0,4,10,37,59,10,8,0,0,0,1,0,0,0,0,0,0,0,0,11,0,0,0,13,0,0,0,87,0,137,0,0,0,0,4,0,0,9,21,9,0,6,16,0,2,0,330,0,0,0,0,0,0,674,0,0,0,0,0,0,0,0,0,0,0,0,0,0,0,0,0,0,0,0,0,0,0,0,0,0,0,0,0,0,0,0,0,0,0,0,0,0,0,0,0,0,0,0,0,0,0,0,0,0,0,0,0,0,0,0,0,0,0,0,0,0,0,0,0,0,0,0,0,0,0,0,0,0,0,0,0,0,0,0,0,0,0,0,0,0,0,0,0,0,0,0,0,0,0,0,0,0,0,0,0,0,0,0,0,0,0,0,0,0,0,0,0,0,0,0,0,0,0,0,0,0,0,0,0,0,0,0,0,0,0,0,0,0,0,0,0,0,0,0,0,0,0,0,0,0,0,0,0,0,0,0,0,0,0,1,0,0,0,0,0,0,0,61,0,9,498,0,0,0,0,0,0,0,Sowbug
0,0,0,0,2,10125,0,0,0,40,0,0,0,0,0,0,0,0,0,0,0,0,0,0,0,0,140,0,0,1,0,0,0,0,0,0,0,0,0,0,0,0,0,0,0,0,0,0,0,0,0,0,71,0,0,0,0,0,0,0,0,0,0,0,0,0,0,0,0,0,0,0,0,0,0,0,15,0,0,0,0,0,0,0,0,0,0,0,0,0,0,0,0,0,0,0,0,0,0,0,0,3,1,0,0,0,0,0,0,0,0,0,0,0,0,0,0,0,6,0,0,0,0,0,0,0,2,0,0,0,0,0,0,0,0,0,0,0,0,0,0,0,0,0,0,0,4,0,0,0,0,0,0,0,0,0,0,0,0,0,0,0,3,0,2,0,0,0,0,0,0,0,0,0,0,0,0,0,0,0,0,0,0,1,1,0,12,0,0,0,0,0,15,0,0,0,0,0,0,1,4,8,0,0,1,1,8,5,39,0,1,0,0,0,58,0,0,0,0,65,0,0,0,0,0,0,0,0,0,0,0,0,0,0,0,0,0,0,0,0,166,0,0,0,0,0,0,0,0,0,0,0,0,0,0,0,0,0,0,0,0,0,0,0,930,0,0,0,0,0,0,0,0,0,0,0,0,0,0,0,17,23,0,4,0,0,0,0,0,0,0,0,0,2,172,8,10,0,0,0,0,2,0,0,0,0,0,0,0,0,0,0,0,0,0,0,0,0,0,0,0,0,0,0,0,0,0,0,0,0,0,0,0,0,0,0,0,0,0,0,0,0,0,93,0,2,0,0,0,0,0,0,0,0,0,0,0,0,0,0,0,0,0,0,0,0,0,0,0,0,0,0,0,0,0,0,0,0,0,0,0,0,439,0,0,0,0,0,0,0,0,0,0,0,0,0,60,0,9,0,31,0,0,0,0,0,0,0,0,6,9,0,0,0,0,0,0,0,0,0,0,0,0,0,0,0,0,0,1,0,0,0,2,0,11,0,0,0,0,0,0,0,0,0,0,0,16,28,0,13,0,21,0,0,0,0,0,2,74,0,0,0,0,0,0,0,0,0,0,0,0,0,0,0,0,0,0,0,0,0,0,0,0,0,0,0,0,0,0,0,0,0,0,0,0,0,0,0,0,0,0,0,0,0,0,0,0,0,0,0,0,0,0,0,0,0,0,0,0,0,0,0,0,0,0,0,0,0,0,0,0,0,0,0,0,0,0,0,0,0,0,0,0,0,0,0,0,0,0,0,0,0,0,0,0,0,0,0,0,0,0,0,0,0,0,0,0,0,0,0,0,0,0,0,0,0,0,0,0,0,0,0,0,0,0,0,0,0,0,0,0,0,0,0,0,0,0,0,0,0,0,0,0,0,0,0,0,0,0,0,0,0,0,0,0,0,0,0,0,0,0,0,0,0,0,150,0,0,0,0,0,0,0,Rancor
0,0,0,4,13,3610,0,0,0,44,0,0,0,2,0,0,0,0,2,0,0,0,0,0,0,0,768,0,0,2,0,1,1,0,0,0,0,0,0,0,0,0,0,0,0,0,0,0,0,0,0,0,133,0,0,0,0,2,0,0,0,0,0,0,0,0,0,0,0,0,0,0,0,0,0,0,18,1,0,0,0,0,0,0,0,0,0,0,0,0,0,0,0,0,0,0,0,0,0,0,0,0,0,0,0,0,0,0,0,0,0,0,0,0,0,0,0,0,0,0,0,0,0,0,0,0,0,0,0,0,0,0,0,0,0,0,0,0,0,0,0,0,0,0,0,0,0,0,0,0,0,0,0,0,0,0,0,0,0,0,0,0,0,0,0,0,0,0,0,0,0,0,0,0,0,0,0,0,0,0,0,0,2,0,2,1,45,1,0,0,1,0,29,0,0,0,0,0,0,3,13,14,0,0,3,2,4,2,98,0,5,0,0,0,76,3,0,0,2,158,0,0,0,0,0,0,0,0,0,0,0,0,0,0,0,0,0,0,0,0,202,43,0,0,0,0,0,0,0,0,0,0,0,0,0,1,0,0,0,0,0,0,0,0,1378,0,0,0,0,0,0,0,0,0,0,0,0,0,0,0,2,6,0,0,2,0,0,0,3,0,0,0,0,2,138,0,6,0,0,1,1,1,0,0,0,0,0,0,0,0,0,0,0,0,0,0,0,0,0,0,0,0,0,0,0,0,0,0,0,0,0,0,0,0,0,0,0,0,0,0,0,0,0,450,0,2,0,0,0,0,0,0,0,0,0,0,0,0,0,0,0,0,0,0,0,0,0,0,0,0,0,0,0,0,0,0,0,0,0,0,0,0,1915,0,1,0,0,0,0,2,0,0,0,0,0,0,22,0,0,0,362,1,0,2,0,0,0,0,0,9,1,1,0,0,0,0,0,0,0,0,0,0,0,0,0,0,0,0,0,0,0,0,1,0,5,0,0,0,0,0,0,0,0,1,0,0,13,21,0,9,0,67,0,0,0,0,0,0,128,0,0,0,0,0,0,0,0,0,0,0,0,0,0,0,0,0,0,0,0,0,0,0,0,0,0,0,0,0,0,0,0,0,0,0,0,0,0,0,0,0,0,0,0,0,0,0,0,0,0,0,0,0,0,0,0,0,0,0,0,0,0,0,0,0,0,0,0,0,0,0,0,0,0,0,0,0,0,0,0,0,0,0,0,0,0,0,0,0,0,0,0,0,0,0,0,0,0,0,0,0,0,0,0,0,0,0,0,0,0,0,0,0,0,0,0,0,0,0,0,0,0,0,0,0,0,0,0,0,0,0,0,0,0,0,0,0,0,0,0,0,0,0,0,0,0,0,0,0,0,0,0,0,0,0,0,0,0,0,0,0,0,0,1,0,0,118,0,0,0,0,0,0,0,Rancor
6,1,6,11,125,10002,0,0,0,659,0,0,0,75,0,0,0,0,18,0,0,0,3,0,0,3,3485,23,0,44,0,5,19,4,0,5,0,0,0,0,0,0,0,0,0,0,0,0,0,0,0,0,1619,0,0,0,4,5,0,0,0,0,0,2,0,0,0,0,0,0,0,0,0,10,23,3,258,23,0,0,0,0,1,0,0,2,0,0,0,0,0,0,0,0,0,0,0,4,0,0,0,4,0,0,0,0,0,1,0,0,0,0,0,0,0,1,0,0,1,0,0,0,0,0,0,1,1,0,0,0,0,0,0,0,0,0,0,0,0,0,0,0,0,0,0,0,4,0,0,0,0,0,0,0,0,0,0,0,0,0,0,0,4,0,0,0,0,0,0,0,0,0,0,0,0,0,0,0,0,0,0,0,7,5,99,11,964,63,42,0,5,6,218,0,0,0,0,5,0,68,89,268,0,5,47,60,92,76,1129,9,129,12,2,11,867,61,6,0,27,1199,0,0,0,0,0,0,0,0,0,0,0,0,0,0,0,0,1,0,0,1,1763,131,0,0,0,0,0,0,0,5,8,4,0,0,1,2,4,0,0,0,0,0,0,0,6969,1,0,0,24,0,0,0,0,0,0,0,0,0,0,0,3,19,0,0,45,0,0,3,89,13,0,0,0,36,28,18,328,0,0,23,86,76,10,0,0,0,0,0,0,0,0,0,0,0,0,0,0,0,0,0,0,0,0,0,0,0,0,0,0,0,0,0,0,0,0,0,0,0,0,0,0,0,0,1759,2,64,0,0,2,0,0,0,0,0,0,0,0,0,0,0,0,0,0,0,0,0,0,0,0,0,0,0,0,0,0,0,0,0,0,0,0,0,6135,0,27,0,12,0,1,11,0,6,0,0,0,0,25,0,3,0,616,6,3,1,0,0,0,3,60,49,11,10,0,0,0,0,2,1,0,0,0,0,0,0,12,0,0,0,15,0,0,0,54,0,79,0,0,0,0,0,0,0,4,13,4,0,8,35,0,8,0,369,0,0,0,0,0,0,782,0,0,0,0,0,0,0,0,0,0,0,0,0,0,0,0,0,0,0,0,0,0,0,0,0,0,0,0,0,0,0,0,0,0,0,0,0,0,0,0,0,0,0,0,0,0,0,0,0,0,0,0,0,0,0,0,0,0,0,0,0,0,0,0,0,0,0,0,0,0,0,0,0,0,0,0,0,0,0,0,0,0,0,0,0,0,0,0,0,0,0,0,0,0,0,0,0,0,0,0,0,0,0,0,0,0,0,0,0,0,0,0,0,0,0,0,0,0,0,0,0,0,0,0,0,0,0,0,0,0,0,0,0,0,0,0,0,0,0,0,0,0,0,0,0,0,0,0,0,0,0,0,0,0,0,0,0,0,0,0,0,3,0,56,0,4,680,0,0,0,0,0,0,0,Poseidon Group
2,7,2,3,268,8458,0,0,0,478,0,0,0,1,0,0,0,0,5,0,0,0,0,0,0,0,4111,3,0,11,0,11,3,0,0,2,0,0,0,0,0,0,0,0,0,0,0,0,0,0,0,0,1604,0,0,0,12,5,1,0,0,0,0,0,0,0,0,0,0,0,0,0,0,8,0,4,160,21,0,0,0,0,7,0,0,4,0,0,0,0,0,0,0,0,0,0,0,0,1,1,0,0,0,0,0,1,0,4,1,0,0,0,0,0,11,0,0,0,2,2,0,0,0,0,1,0,2,0,0,1,0,0,0,0,0,0,1,0,0,0,0,0,0,0,0,0,0,0,0,0,0,0,1,0,0,0,0,0,0,0,0,0,1,0,0,0,0,0,0,0,0,1,0,0,0,0,0,0,0,0,0,0,2,3,90,7,257,4,2,0,1,3,1568,3,0,0,0,1,0,99,166,155,0,4,29,40,28,34,1224,0,138,4,8,14,1337,5,6,0,24,1537,0,0,0,0,0,0,0,0,0,0,0,0,0,0,0,0,3,0,0,0,2509,16,2,0,0,0,0,0,0,0,2,0,0,0,2,24,2,0,0,0,0,0,0,0,17329,0,0,0,0,0,0,0,0,0,0,0,0,0,0,0,75,109,0,3,13,0,0,0,13,6,0,0,0,52,7409,41,142,0,0,13,1,1,0,0,0,0,0,0,0,0,0,0,0,0,0,0,0,0,0,0,0,0,0,0,0,0,0,0,0,0,0,0,0,0,0,0,0,0,0,0,0,0,0,4079,0,3,0,0,2,0,0,0,0,0,0,0,0,0,0,0,0,0,0,0,0,0,0,0,0,0,0,0,0,0,0,0,0,0,0,0,0,0,7728,0,7,0,2,0,0,6,0,3,0,0,0,0,254,14,29,0,2045,3,21,1,0,0,1,10,250,83,28,3,0,0,1,0,0,1,2,0,0,0,0,0,11,0,0,0,13,0,0,0,187,0,241,0,0,0,0,0,0,0,0,0,3,0,23,68,0,6,0,774,0,0,0,0,0,0,1836,0,0,0,0,0,0,0,0,0,0,0,0,0,0,0,0,0,0,0,0,0,0,0,0,0,0,0,0,0,0,0,0,0,0,0,0,0,0,0,0,0,0,0,0,0,0,0,0,0,0,0,0,0,0,0,0,0,0,0,0,0,0,0,0,0,0,0,0,0,0,0,0,0,0,0,0,0,0,0,0,0,0,0,0,0,0,0,0,0,0,0,0,0,0,0,0,0,0,0,0,0,0,0,0,0,0,0,0,0,0,0,0,0,0,0,0,0,0,0,0,0,0,0,0,0,0,0,0,0,0,0,0,0,0,0,0,0,0,0,0,0,0,0,0,0,0,0,0,0,0,0,0,0,0,0,1,0,0,0,0,0,0,0,61,0,3,1286,0,0,0,0,0,0,0,Equation
0,0,0,0,2,5314,0,0,0,14,0,0,0,0,0,0,0,0,0,0,0,0,0,0,0,0,113,0,0,1,0,0,0,0,0,0,0,0,0,0,0,0,0,0,0,0,0,0,0,0,0,0,37,0,0,0,0,0,0,0,0,0,0,0,0,0,0,0,0,0,0,0,0,0,0,0,5,0,0,0,0,0,0,0,0,0,0,0,0,0,0,0,0,0,0,0,0,0,0,0,0,0,0,0,0,0,0,0,0,0,0,0,0,0,0,0,0,0,0,0,0,0,0,0,0,0,0,0,0,0,0,0,0,0,0,0,0,0,0,0,0,0,0,0,0,0,0,0,0,0,0,0,0,0,0,0,0,0,0,0,0,0,0,0,0,0,0,0,0,0,0,0,0,0,0,0,0,0,0,0,0,0,0,1,0,0,15,0,0,0,0,0,4,0,0,0,0,0,0,2,11,4,0,0,3,1,9,2,19,0,1,0,0,0,18,1,0,0,0,44,0,0,0,0,0,0,0,0,0,0,0,0,0,0,0,0,0,0,0,0,62,0,0,0,0,0,0,0,0,0,0,0,0,0,0,0,0,0,0,0,0,0,0,0,289,0,0,0,0,0,0,0,0,0,0,0,0,0,0,0,5,5,0,0,0,0,0,0,1,0,0,0,0,0,104,5,10,0,0,0,1,1,0,0,0,0,0,0,0,0,0,0,0,0,0,0,0,0,0,0,0,0,0,0,0,0,0,0,0,0,0,0,0,0,0,0,0,0,0,0,0,0,0,96,0,0,0,0,0,0,0,0,0,0,0,0,0,0,0,0,0,0,0,0,0,0,0,0,0,0,0,0,0,0,0,0,0,0,0,0,0,0,277,0,0,0,0,0,0,0,0,0,0,0,0,0,21,0,5,0,27,0,0,0,0,0,0,0,0,2,5,0,0,0,0,0,0,0,0,0,0,0,0,0,0,0,0,0,0,0,0,0,1,0,11,0,0,0,0,0,0,0,0,0,0,0,7,9,0,5,0,16,0,0,0,0,0,0,49,0,0,0,0,0,0,0,0,0,0,0,0,0,0,0,0,0,0,0,0,0,0,0,0,0,0,0,0,0,0,0,0,0,0,0,0,0,0,0,0,0,0,0,0,0,0,0,0,0,0,0,0,0,0,0,0,0,0,0,0,0,0,0,0,0,0,0,0,0,0,0,0,0,0,0,0,0,0,0,0,0,0,0,0,0,0,0,0,0,0,0,0,0,0,0,0,0,0,0,0,0,0,0,0,0,0,0,0,0,0,0,0,0,0,0,0,0,0,0,0,0,0,0,0,0,0,0,0,0,0,0,0,0,0,0,0,0,0,0,0,0,0,0,0,0,0,0,0,0,0,0,0,0,0,0,0,0,0,0,0,0,0,0,0,0,0,39,0,0,0,0,0,0,0,APT38
20,24,33,110,326,36575,7,1,5,1046,0,7,0,86,0,0,0,0,52,3,7,1,24,0,0,2,3230,21,1,49,0,28,22,21,0,20,6,0,5,0,0,0,0,0,0,0,1,3,1,0,1,7,2525,2,2,0,21,22,0,5,0,0,0,4,0,0,0,0,1,0,0,1,0,36,41,27,519,37,0,2,0,0,18,2,6,15,4,4,2,11,1,1,0,0,0,1,0,4,11,0,0,15,4,0,1,5,4,14,2,0,0,0,0,7,6,7,9,8,12,5,0,5,7,8,1,8,106,10,13,4,1,0,2,2,1,17,12,3,3,0,0,0,2,0,8,5,30,0,1,0,0,5,3,1,4,0,1,0,1,14,4,0,122,17,2,2,2,0,4,5,0,1,0,3,3,16,0,1,0,4,0,0,35,10,247,83,1437,87,49,1,34,28,1086,26,0,0,0,30,0,183,134,431,0,19,111,66,101,138,1521,14,341,22,17,90,1675,52,63,0,79,2226,0,0,0,0,0,0,0,0,0,0,0,0,0,0,0,0,24,0,6,22,1324,32,21,0,0,0,0,0,0,57,28,27,0,0,11,32,28,0,0,0,0,0,0,0,10712,25,3,12,102,56,0,0,2,10,0,0,0,0,0,16,30,56,0,1,35,0,0,17,468,37,8,0,3,87,122,48,1040,2,0,96,104,59,1,0,0,0,0,0,0,1,0,0,0,0,18,0,0,0,0,0,7,0,3,0,0,0,3,4,0,0,0,0,0,0,0,0,0,0,9,0,1,0,0,3480,3,103,0,0,15,0,2,0,0,0,0,3,3,1,0,2,0,0,0,0,0,4,1,0,2,0,0,0,0,0,0,0,0,1,0,0,1,0,7503,0,53,0,27,0,7,27,0,23,0,0,0,0,35,0,2,0,1192,38,33,58,0,0,23,25,150,270,32,21,0,5,0,4,3,1,2,0,1,0,0,1,36,0,0,0,36,0,0,0,166,2,286,2,0,0,0,5,0,0,27,24,20,10,16,47,0,0,0,1229,2,0,0,0,0,0,2201,1,0,0,0,0,2,1,2,0,0,0,0,0,0,0,0,0,0,0,0,0,0,0,0,0,0,0,0,0,0,0,0,0,0,0,0,0,0,0,0,0,0,0,0,0,0,0,0,0,0,0,0,0,0,0,0,0,0,0,0,0,0,0,0,0,0,0,0,0,0,0,0,0,0,0,0,0,0,0,0,0,0,0,0,0,0,0,0,0,0,0,0,0,0,1,1,0,0,0,0,0,0,0,0,0,0,0,0,2,0,0,0,0,0,0,0,0,0,0,0,0,0,0,0,0,0,0,0,0,0,0,0,0,0,0,0,0,0,0,0,0,0,0,0,0,0,0,0,0,0,0,0,0,2,2,21,0,0,0,0,0,7,0,308,1,52,1424,1,1,0,0,0,0,0,Threat Group-3390
228,228,216,237,2479,22746,0,1,0,1714,0,0,2,197,0,0,1,0,162,0,1,14,1,0,3,1,535,244,1,223,0,223,258,234,0,240,1,1,1,1,1,1,0,2,1,0,0,3,0,1,0,0,1471,0,0,1,212,245,0,1,0,0,2,1,2,0,0,0,0,0,1,0,1,224,223,241,1958,50,1,0,0,1,216,1,0,60,7,18,29,3,6,7,4,7,4,4,5,7,53,7,9,45,1,2,0,66,10,73,8,0,0,7,5,39,31,29,40,59,57,41,1,40,62,55,32,44,86,0,21,16,0,0,2,3,0,2,42,10,1,1,1,0,0,25,33,24,35,0,1,1,1,0,24,0,1,1,0,0,0,45,0,0,85,0,53,5,52,7,0,4,4,6,7,1,0,8,0,0,1,1,2,1,266,69,452,999,2826,233,234,0,229,236,254,251,0,0,0,210,0,248,236,245,1,260,212,230,247,223,458,233,218,233,219,216,321,217,230,0,229,244,0,0,0,0,0,0,0,0,0,0,0,0,0,0,0,0,239,1,0,177,284,228,168,0,0,0,0,0,0,13,240,253,0,1,222,234,213,1,1,0,0,1,0,0,6437,0,2,0,0,0,1,0,0,0,1,3,0,0,0,2,259,207,1,1,0,0,0,2,1,70,0,1,0,60,224,74,1805,0,1,990,225,222,1,0,0,1,3,2,1,1,12,1,0,1,0,1,1,0,1,0,0,0,2,1,2,1,0,2,0,0,0,0,0,3,1,3,1,0,1,0,2,1,0,2456,3,221,0,1,205,0,2,0,0,0,1,0,0,0,0,1,1,1,0,2,0,0,2,1,0,1,1,1,1,2,1,0,0,0,0,2,6,0,3896,0,200,1,226,0,2,136,0,178,1,1,0,0,14,2,3,0,594,446,159,159,0,0,211,270,167,1771,219,235,2,0,1,0,1,0,0,1,1,1,1,1,0,1,3,0,0,0,0,0,344,0,189,3,0,0,0,0,0,0,228,248,250,0,273,232,0,1,0,1965,0,0,0,3,1,1,1002,0,1,1,3,1,0,0,0,1,0,0,0,1,0,0,0,0,0,0,0,0,0,0,0,0,1,0,0,0,0,0,0,0,1,0,0,0,0,0,0,0,1,0,0,0,0,0,0,0,0,0,0,0,0,0,0,0,0,0,0,0,0,0,1,0,0,0,0,0,0,0,1,0,1,0,0,0,0,0,0,1,0,0,0,0,0,0,0,0,0,0,1,0,0,0,0,0,0,0,0,0,0,0,1,0,0,0,0,0,0,0,0,1,0,0,0,0,0,0,1,0,0,0,0,0,0,0,0,0,0,0,0,0,0,0,0,0,0,0,0,0,0,0,0,0,0,0,0,0,0,0,0,0,0,0,192,1,0,0,2,3,1,3,2009,0,248,1899,0,0,4,0,0,0,0,Carbanak
2127,2348,2599,1958,16390,1386946,0,5,0,12251,7,0,10,2089,0,0,4,0,1473,12,7,35,10,8,8,3,2177,2658,6,2536,0,2222,2332,2365,6,3721,3,4,7,3,8,4,9,7,7,5,7,9,7,6,5,5,12740,0,0,10,1853,1995,10,27,0,0,9,11,5,7,9,8,0,1,10,0,10,2576,1843,1879,15841,565,7,0,0,11,1941,8,4,625,65,134,201,12,66,80,75,74,78,79,72,80,535,81,73,518,8,7,12,567,84,577,65,6,1,60,64,462,457,462,444,396,604,374,10,439,608,560,375,374,673,8,174,189,13,11,14,8,6,11,505,64,11,13,5,4,9,162,194,218,211,5,9,9,8,10,172,1,7,9,6,8,8,565,1,1,676,0,534,52,504,76,9,74,80,66,67,8,10,69,1,0,8,8,11,8,2306,532,4390,9322,17217,2195,1980,12,2064,2259,2022,1987,9,0,11,2035,0,2044,1854,2048,9,2218,1836,1938,2184,1874,4158,2208,1895,2176,2148,1955,2074,2202,2282,0,2352,2035,1,1,1,1,1,1,1,0,0,0,1,0,0,2,0,0,2235,10,2,1553,1512,1936,1412,13,0,3,1,1,0,140,2053,2226,0,6,2310,2175,2138,6,8,1,1,4,7,0,54816,0,14,12,0,0,3,11,1,0,14,8,3,7,10,10,1884,1871,0,8,17,0,1,11,17,509,0,10,0,530,4200,653,12707,0,8,8781,1877,2145,6,6,4,6,6,4,6,7,5,5,1,7,0,12,7,19,7,8,9,5,9,6,5,6,0,9,0,0,0,0,10,13,7,2,6,5,3,13,10,11,7,22741,7,2085,1,12,2331,0,6,3,0,0,12,0,0,4,15,6,8,10,3,10,0,8,7,4,4,9,5,7,10,7,5,1,9,7,5,6,6,11,30122,9,2154,8,2211,0,4,1914,7,1662,6,5,1,6,141,25,30,4,4026,4237,1740,1585,7,11,2086,2392,1664,15027,2010,2102,9,9,13,6,12,8,15,8,15,10,8,11,12,13,5,7,10,1,0,1,3321,11,1572,15,9,2,0,1,2,7,2084,2372,2501,0,2151,2089,0,10,0,12821,0,8,16,4,10,3,9512,0,6,5,12,4,0,6,0,6,2,1,0,1,1,0,3,1,1,1,1,1,0,0,1,0,0,1,0,0,0,1,0,0,0,1,1,1,0,0,1,1,1,2,1,1,0,1,1,0,1,1,2,0,1,0,0,3,1,1,2,0,1,2,0,0,0,1,2,3,1,0,0,0,5,0,1,1,9,0,0,0,0,0,0,0,1,1,0,1,0,1,0,0,0,0,0,2,0,0,1,0,0,3,1,0,1,1,0,1,1,1,0,0,0,0,0,2,1,0,1,0,2,1,1,1,1,1,1,0,1,0,1,1,0,1,0,0,1,1,1,0,0,0,0,1,0,2,0,0,0,0,0,0,0,1,2761,11,6,0,8,10,15,7,23377,0,2620,13995,0,6,23,0,0,3,0,APT38
4,9,14,94,163,8024,7,0,5,774,0,7,0,71,0,0,0,0,32,2,7,0,24,0,0,1,1788,11,0,30,0,14,12,10,0,8,0,0,1,0,0,0,0,0,0,0,0,2,0,0,1,3,1494,2,2,0,10,7,0,4,0,0,0,3,0,0,0,0,1,0,0,1,0,17,28,10,244,31,0,2,0,0,7,2,6,9,4,1,1,11,0,0,0,0,0,0,0,4,8,0,0,13,4,0,0,0,0,6,2,0,0,0,0,0,1,2,3,4,6,5,0,1,3,1,0,2,102,10,10,2,1,0,2,2,1,17,5,3,3,0,0,0,0,0,6,3,28,0,1,0,0,5,1,1,4,0,0,0,0,11,4,0,115,17,3,1,3,0,4,3,0,0,0,3,3,15,0,1,0,4,0,0,9,5,159,27,957,66,36,1,23,15,383,10,0,0,0,16,0,101,88,290,0,9,58,40,81,49,908,5,214,7,13,70,963,35,71,0,69,1449,0,0,0,0,0,0,0,0,0,0,0,0,0,0,0,0,5,0,6,13,774,21,6,0,0,0,0,0,0,51,8,14,0,0,4,20,11,0,0,0,0,0,0,0,6559,25,7,9,102,56,0,0,2,10,1,0,0,0,0,14,11,32,0,0,30,0,0,11,114,27,8,0,3,61,36,34,572,2,0,33,90,40,1,0,0,0,2,0,0,0,0,0,0,0,18,0,0,0,0,0,7,0,1,0,0,0,1,4,0,0,0,0,0,0,0,0,0,0,8,0,1,0,0,1955,3,77,0,0,6,0,1,0,0,0,0,2,2,1,0,2,0,0,0,0,0,4,0,0,1,0,0,0,0,0,0,0,0,0,0,0,0,0,4102,0,55,0,14,0,10,13,0,15,0,0,0,0,18,0,2,0,723,13,11,42,0,0,9,9,109,154,12,8,0,5,0,4,3,0,1,0,0,0,0,0,28,0,0,0,31,0,0,0,70,2,114,2,0,0,0,1,0,0,10,12,9,10,11,32,0,0,0,781,2,0,0,0,0,0,1215,1,0,0,0,0,2,0,2,0,0,0,0,0,0,0,0,0,0,0,0,0,0,0,0,0,0,0,0,0,0,0,0,0,0,0,0,0,0,0,0,0,0,0,0,0,0,0,0,0,0,0,0,0,0,0,0,0,0,0,0,0,0,0,0,0,0,0,0,0,0,0,0,0,0,0,0,0,0,0,0,0,0,0,0,0,0,0,0,0,0,0,0,0,0,1,1,0,0,0,0,0,0,0,0,0,0,0,0,2,0,0,0,0,0,0,0,0,0,0,0,0,0,0,0,0,0,0,0,0,0,0,0,0,0,0,0,0,0,0,0,0,0,0,0,0,0,0,0,0,0,0,0,0,2,2,16,0,0,0,0,0,7,0,108,1,25,854,1,0,0,0,0,0,0,APT37
6,4,4,19,132,11033,0,0,0,587,0,0,0,91,0,0,0,0,16,0,0,0,3,0,0,3,3412,13,0,22,0,7,23,6,0,4,0,0,1,0,0,0,0,0,0,0,0,0,0,0,0,0,1764,0,0,0,7,8,0,0,0,0,0,2,0,0,0,0,0,0,0,0,0,7,24,4,589,24,0,0,0,0,3,0,0,2,0,0,0,0,0,0,0,0,0,0,0,4,1,0,0,6,0,0,0,0,0,1,0,0,0,0,0,17,0,1,0,0,0,0,0,0,0,0,0,2,15,0,1,0,0,0,0,0,0,0,2,0,0,0,0,0,0,0,0,0,4,0,0,0,0,0,0,0,0,0,0,0,0,0,0,0,4,0,0,0,0,0,0,0,0,0,0,0,0,0,0,0,0,0,0,0,5,1,118,13,1063,78,72,0,5,5,1495,1,0,0,0,5,0,94,118,343,0,4,309,75,150,80,1158,6,143,1,2,25,951,71,5,0,29,1337,0,0,0,0,0,0,0,0,0,0,0,0,0,0,0,0,0,0,0,1,1982,95,1,0,0,0,0,0,0,263,10,14,0,0,2,5,6,0,0,0,0,0,0,0,9705,1,0,0,24,0,0,0,0,0,0,0,0,0,0,0,8,21,0,0,45,0,0,3,100,14,0,0,0,43,36,18,592,0,0,14,117,110,10,0,0,0,0,0,0,0,0,0,0,0,0,0,0,0,0,0,0,0,0,0,0,0,0,0,0,0,0,0,0,0,0,0,0,0,0,0,0,0,0,1745,2,109,0,0,2,0,0,0,0,0,0,0,0,0,0,0,0,0,0,0,0,0,0,0,0,0,0,0,0,0,0,0,0,0,0,0,0,0,6487,0,28,0,5,0,1,12,0,9,0,0,0,0,25,0,3,0,668,6,3,0,0,0,0,6,67,58,18,21,0,0,0,0,0,1,0,0,0,0,0,0,15,0,0,0,18,0,0,0,60,0,93,0,0,0,0,0,0,0,5,24,6,0,13,17,0,0,0,498,0,0,0,0,0,0,1182,0,0,0,0,0,0,0,0,0,0,0,0,0,0,0,0,0,0,0,0,0,0,0,0,0,0,0,0,0,0,0,0,0,0,0,0,0,0,0,0,0,0,0,0,0,0,0,0,0,0,0,0,0,0,0,0,0,0,0,0,0,0,0,0,0,0,0,0,0,0,0,0,0,0,0,0,0,0,0,0,0,0,0,0,0,0,0,0,0,0,0,0,0,0,0,0,0,0,0,0,0,0,0,0,0,0,0,0,0,0,0,0,0,0,0,0,0,0,0,0,0,0,0,0,0,0,0,0,0,0,0,0,0,0,0,0,0,0,0,0,0,0,0,0,0,0,0,0,0,0,0,0,0,0,0,0,0,0,0,0,0,263,0,37,0,11,786,0,0,0,0,0,0,0,Poseidon Group
31,9,8,13,152,3707,0,0,0,190,0,0,0,44,0,0,0,0,19,0,0,0,2,0,0,0,939,74,0,43,0,34,38,26,0,7,0,0,0,0,0,0,1,0,0,0,0,0,0,0,0,0,749,0,0,0,24,18,0,0,0,0,0,0,0,0,0,0,0,0,0,0,0,39,14,20,193,21,0,0,0,0,4,0,0,2,0,0,5,0,0,0,0,0,2,0,0,2,0,1,0,2,0,0,0,3,3,0,0,0,0,0,0,0,1,0,0,2,8,3,0,3,3,3,1,0,10,0,0,0,0,0,0,0,0,0,1,3,0,0,0,0,0,0,0,1,0,0,0,0,0,0,0,0,0,0,1,0,0,1,0,0,1,0,0,5,0,0,0,0,2,3,0,0,0,0,0,0,0,0,0,0,7,20,30,28,475,15,23,0,17,5,71,16,0,0,0,11,0,62,61,64,0,5,47,65,63,60,482,23,74,22,41,49,398,29,40,0,35,456,0,0,0,0,0,0,0,0,0,0,0,0,0,0,0,0,33,0,0,7,584,49,2,0,0,0,0,0,0,2,15,18,0,0,8,12,1,0,0,0,0,0,0,0,4257,0,0,0,0,0,0,0,0,0,0,0,0,0,0,0,16,26,0,0,1,0,0,1,30,8,0,0,0,25,106,12,317,0,0,25,24,25,0,0,0,0,0,0,0,0,0,0,0,0,0,0,0,0,0,0,0,0,0,0,0,0,0,0,0,0,0,0,0,0,0,0,0,0,0,0,0,0,0,753,0,61,0,0,23,0,0,0,0,0,0,0,0,0,0,0,0,0,0,0,0,0,0,0,0,0,0,0,0,0,0,0,0,0,0,0,0,0,2384,0,18,0,21,0,0,10,0,11,0,0,0,0,1,0,3,0,293,6,21,9,0,0,22,8,6,316,19,21,0,0,0,0,1,1,0,0,0,0,0,0,4,0,1,0,0,0,0,0,35,0,26,0,0,0,0,0,0,0,24,43,88,0,18,19,0,0,0,206,0,0,0,0,0,0,393,0,0,0,0,0,0,0,0,0,0,0,0,0,0,0,0,1,0,0,0,0,0,0,0,0,0,0,0,0,0,0,0,0,0,0,0,0,0,0,0,0,0,0,0,0,0,0,0,0,0,0,0,0,0,0,0,0,0,0,0,0,0,0,0,0,0,0,0,0,0,0,0,0,0,0,0,0,0,0,0,0,0,0,0,0,0,0,0,0,0,0,0,0,0,0,0,0,0,0,0,0,0,0,0,0,0,0,0,0,0,0,0,0,0,0,0,0,0,0,0,0,0,0,0,0,0,0,0,0,0,0,0,0,0,0,0,0,0,0,0,0,0,0,0,0,0,0,0,0,0,0,0,0,0,0,31,0,0,0,0,0,0,0,519,0,13,407,0,0,0,0,0,0,0,Equation
234,246,235,242,1842,12277,0,2,0,2009,2,0,0,356,1,0,1,0,204,3,3,9,18,1,3,0,1662,249,1,222,0,240,249,247,0,227,3,2,7,2,0,0,2,1,0,1,2,1,1,0,0,5,2605,0,0,0,232,238,0,4,0,0,0,4,0,2,2,0,0,0,2,0,1,234,247,251,2142,83,2,0,0,0,198,3,2,70,12,31,24,7,1,9,5,4,1,8,6,9,48,8,10,68,2,1,0,58,9,56,6,1,0,7,5,49,44,41,36,43,61,37,1,42,53,71,42,37,106,3,26,19,1,1,0,0,1,11,53,7,4,1,0,1,1,29,23,17,39,0,1,2,2,3,29,0,9,0,0,3,1,39,4,1,95,10,55,3,61,8,0,7,10,14,8,3,3,19,2,0,1,0,3,2,236,65,621,1313,2496,317,260,2,243,243,711,222,2,0,2,229,0,273,290,639,0,218,297,264,302,267,1052,239,480,251,224,318,915,296,271,0,292,1346,0,0,0,0,0,0,0,0,0,0,0,0,0,0,0,0,259,1,3,170,725,255,173,0,2,0,0,0,0,31,222,250,0,1,224,232,248,0,0,0,0,0,0,0,10660,0,1,7,107,8,0,3,2,0,0,1,0,0,2,14,225,278,0,2,34,0,0,4,100,76,0,2,0,115,282,78,1775,0,0,898,429,400,2,0,0,2,0,0,1,1,0,1,1,2,18,0,2,0,2,1,4,0,2,1,2,2,1,2,0,0,0,0,1,2,1,1,1,0,5,0,1,0,0,3897,6,371,0,1,241,0,0,1,0,0,1,1,1,1,2,0,1,1,0,1,0,0,5,0,0,2,2,1,0,1,1,0,0,1,0,2,0,1,6179,1,235,1,227,0,6,170,0,174,3,1,0,1,38,3,3,0,948,526,176,176,2,1,300,247,218,1465,214,231,0,2,0,1,4,0,3,2,2,1,2,3,13,0,2,1,24,0,0,0,383,2,283,4,1,0,0,5,0,0,222,239,232,2,219,262,0,0,0,1957,0,1,2,1,0,2,1906,0,0,2,0,0,0,1,0,0,0,0,1,0,0,1,0,0,0,0,0,0,0,0,0,0,0,0,0,1,1,0,0,0,0,0,0,0,0,0,0,1,0,0,0,0,0,0,0,0,0,0,0,0,1,0,0,0,0,0,0,0,0,0,0,0,0,0,0,0,0,0,0,0,1,0,0,0,1,0,1,0,1,0,0,0,0,0,0,0,0,0,0,0,0,0,0,0,0,0,0,0,1,0,0,0,0,0,0,0,0,0,0,0,1,0,0,0,0,0,0,0,0,0,0,0,0,0,0,0,0,0,0,0,0,0,0,0,0,0,0,0,0,0,1,0,0,0,0,0,0,0,0,0,0,0,231,0,0,0,1,1,26,0,2116,0,233,2030,0,6,2,0,0,0,0,Thrip
7,9,12,4,78,156401,0,0,0,612,0,0,0,9,0,0,0,0,6,0,0,0,0,0,0,0,3369,8,0,8,0,9,7,15,0,6,0,0,0,0,0,0,0,0,0,0,0,0,0,0,0,0,1839,0,0,0,4,13,0,0,0,0,0,0,0,0,0,0,0,0,0,0,0,2,9,5,263,18,0,0,0,0,8,0,0,4,0,2,0,0,0,0,0,1,0,0,0,0,0,0,0,1,0,0,0,6,0,3,0,0,0,0,0,5,2,4,3,3,6,0,0,1,1,4,2,2,5,0,1,1,0,0,0,0,0,0,2,0,0,0,0,0,0,0,0,1,0,0,0,0,0,0,1,0,0,0,0,0,0,1,0,0,3,0,1,0,2,2,0,1,0,1,0,0,0,1,0,0,0,0,0,0,14,2,58,37,454,11,15,0,7,8,56,3,0,0,0,2,0,72,243,147,0,10,19,24,55,42,1042,16,85,8,12,5,927,8,12,0,14,1352,0,0,0,0,0,0,0,0,0,0,0,0,0,0,0,0,9,0,0,1,1500,176,8,0,0,0,0,0,0,0,11,11,0,0,4,7,6,0,0,0,0,0,0,0,9455,0,0,0,0,0,0,0,0,0,0,0,0,0,0,0,14,50,0,0,6,0,0,0,208,10,0,0,0,58,1435,25,338,0,0,65,7,11,0,0,0,0,0,0,0,0,0,0,0,0,0,0,0,0,0,0,0,0,0,0,0,0,0,0,0,0,0,0,0,0,0,0,0,0,0,0,1,0,0,1874,0,9,0,0,12,0,0,0,0,0,0,0,0,0,0,0,0,0,0,0,0,0,0,0,1,0,0,0,0,0,0,0,0,0,0,0,0,0,8754,1,12,6,8,0,0,9,0,5,0,0,0,0,29,0,0,0,864,16,11,9,0,0,10,10,12,121,5,9,0,0,0,0,0,1,1,0,0,0,0,0,17,0,0,0,38,0,0,0,126,0,126,0,0,0,0,0,0,0,7,7,11,0,7,20,0,0,0,473,0,0,0,0,0,0,1034,0,0,0,0,0,0,0,0,0,0,0,0,0,0,0,0,0,0,0,0,0,0,0,0,0,0,0,0,0,0,0,0,0,0,0,0,0,0,0,0,0,0,0,0,0,0,0,0,0,0,0,0,0,0,0,0,0,0,0,0,0,0,0,0,0,0,0,0,0,0,0,0,0,0,0,0,0,0,0,0,0,0,0,0,0,0,0,0,0,0,0,0,0,0,0,0,0,0,0,0,0,0,0,0,0,0,0,0,0,0,0,0,0,0,0,0,0,0,0,0,0,0,0,0,0,0,0,0,0,0,0,0,0,0,0,0,0,0,0,0,0,0,0,0,0,0,0,0,0,0,0,0,0,0,0,7,0,0,0,0,0,0,0,66,0,9,869,0,0,0,0,0,0,0,Equation
503,476,469,490,3357,10733,0,2,0,3335,2,0,2,472,0,0,2,0,371,2,2,21,4,3,1,4,2095,526,1,466,0,539,548,500,2,496,1,3,5,3,3,2,2,1,2,1,2,2,2,3,1,0,4347,0,0,1,512,508,2,4,0,0,1,2,1,1,1,4,0,0,1,0,0,508,536,457,4210,147,1,0,0,2,481,3,3,127,22,57,33,5,10,14,12,25,25,14,18,11,98,17,13,94,6,1,0,125,24,138,13,1,0,18,15,106,91,89,103,97,149,97,4,98,143,159,95,84,162,2,48,36,3,2,2,1,1,3,114,16,0,2,3,5,5,41,38,45,40,2,1,1,2,2,51,0,1,2,1,0,1,117,0,0,140,0,125,21,120,11,2,17,11,19,16,1,4,12,0,0,3,1,1,5,497,120,1015,1991,4776,518,465,2,473,506,2302,497,1,1,1,516,0,545,559,566,0,463,447,515,527,502,1797,496,616,466,463,460,1201,477,488,0,480,1441,0,0,0,1,0,0,0,0,0,0,0,0,0,0,1,0,515,1,0,366,1437,615,321,1,0,1,1,10,0,77,498,543,0,0,481,500,476,2,1,1,0,1,2,0,18134,0,5,2,0,0,0,3,0,0,3,2,3,1,1,3,495,513,0,1,11,0,0,4,202,126,0,1,0,140,511,146,3445,0,2,2096,454,478,2,0,2,5,4,1,1,2,1,1,1,1,0,3,2,1,2,1,2,3,1,1,2,1,0,3,0,1,0,0,1,3,1,2,4,2,0,1,1,2,3,7001,4,506,0,3,486,0,2,1,0,0,3,1,0,2,2,2,2,1,1,1,0,1,3,5,0,2,1,1,1,0,0,0,2,3,1,1,1,3,11339,7,490,1,495,0,3,441,1,353,0,1,0,3,49,12,7,1,1347,979,332,353,2,1,533,501,385,3093,496,532,2,1,0,0,2,4,3,0,2,0,1,0,4,1,3,0,8,0,0,0,810,2,448,2,1,0,0,0,0,2,516,497,537,0,468,500,0,3,0,3270,0,3,2,1,1,3,2794,0,1,1,1,3,0,1,0,1,0,0,0,0,0,0,0,0,0,1,0,0,0,0,0,0,0,0,0,0,0,0,0,0,0,0,0,0,0,0,0,0,1,0,1,0,0,0,0,0,0,0,0,1,0,1,0,0,0,0,0,0,1,0,0,0,1,0,0,0,0,0,0,0,1,0,0,1,1,0,0,0,0,0,0,0,0,0,1,0,0,0,0,0,0,1,0,0,0,0,0,0,0,0,0,0,0,1,1,0,0,0,0,0,0,1,0,0,0,1,0,0,1,0,0,0,0,0,0,0,0,1,0,0,0,0,0,0,0,0,0,0,0,0,0,0,0,0,0,0,0,1,0,0,0,0,492,4,1,0,2,1,3,0,4485,0,494,3614,0,0,4,1,0,0,0,Equation
0,0,0,0,595,25578,0,0,0,817,0,0,0,0,0,0,0,0,0,0,1,6,7,0,2,6,1246,21,0,16,3,33,12,16,0,63,5,2,2,0,5,5,0,4,0,0,1,9,1,0,2,17,1524,0,0,0,20,14,0,5,1,1,0,1,0,0,1,0,0,0,0,0,0,127,0,0,101,11,0,0,0,0,37,0,0,15,0,1,2,0,1,0,1,0,0,0,0,0,4,0,1,1,0,0,0,8,1,1,0,0,0,0,0,4,0,2,2,3,20,5,0,2,2,8,1,1,11,0,0,0,0,0,0,0,0,0,9,0,0,0,0,0,0,2,0,0,1,0,0,0,0,0,1,0,0,0,0,1,0,3,0,0,4,0,5,1,12,0,0,0,3,2,0,0,0,0,0,0,0,0,0,0,243,4,66,355,271,48,18,0,10,33,2335,0,0,0,0,18,1,74,68,135,0,0,46,42,108,30,715,29,140,34,20,54,579,123,19,25,112,1179,0,1,0,0,0,0,0,0,0,0,0,0,0,0,0,0,15,2,0,0,1112,41,0,0,0,0,0,0,0,36,27,14,2,0,30,123,37,0,0,0,0,0,0,0,7397,0,2,0,0,4,0,0,0,0,0,2,25,0,0,1,35,23,0,0,8,111,0,1,187,13,0,0,0,7,154,24,733,0,0,189,29,27,0,1,0,0,0,0,0,0,0,0,0,0,0,0,0,0,1,0,0,0,0,0,1,0,0,1,0,0,0,0,1,0,0,0,0,0,0,0,0,0,0,709,0,0,0,0,0,8,0,0,0,0,0,0,0,0,0,0,0,0,0,0,0,0,0,0,0,0,0,0,0,0,0,0,0,0,0,0,0,1,1053,0,0,0,0,24,0,49,0,24,0,0,0,0,4,0,20,0,403,36,150,67,0,2,6,0,21,341,24,17,17,4,0,1,1,0,0,0,0,0,0,0,2,0,0,0,8,0,0,0,101,1,108,0,0,1,0,5,0,0,35,35,19,0,41,24,1,1,0,699,0,0,0,0,0,0,795,0,0,2,0,0,0,0,0,0,0,0,0,0,0,0,0,0,0,0,1,0,0,0,0,0,0,0,0,0,0,0,0,0,0,0,0,0,0,0,0,0,0,0,0,0,0,0,0,0,0,0,0,0,0,0,0,0,0,0,0,1,0,0,0,0,0,0,0,0,0,0,0,0,0,0,0,0,0,0,0,0,0,0,0,0,0,0,0,0,1,0,0,0,0,0,0,0,0,0,0,0,0,0,0,0,0,0,0,0,0,0,0,0,0,0,0,0,0,0,0,0,0,0,0,0,0,0,0,0,0,0,0,0,0,0,0,0,0,0,0,0,0,0,0,0,0,0,0,0,0,0,1,0,0,0,13,1,0,0,0,0,2,0,204,0,11,997,0,0,0,0,0,0,0,Equation
0,0,0,0,0,6544,0,0,0,0,0,0,0,0,0,0,0,0,0,0,0,0,0,0,0,0,65,0,0,0,0,0,0,0,0,0,0,0,0,0,0,0,0,0,0,0,0,0,0,0,0,0,43,0,0,0,0,0,0,0,0,0,0,0,0,0,0,0,0,0,0,0,0,0,0,0,763,0,0,0,0,0,0,0,0,0,0,0,0,0,0,0,0,0,0,0,0,0,0,0,0,0,0,0,0,0,0,0,0,0,0,0,0,0,0,0,0,0,0,0,0,0,0,0,0,0,0,0,0,0,0,0,0,0,0,0,0,0,0,0,0,0,0,0,0,0,0,0,0,0,0,0,0,0,0,0,0,0,0,0,0,0,0,0,0,0,0,0,0,0,0,0,0,0,0,0,0,0,0,0,0,0,0,0,0,0,1533,0,0,0,0,0,0,0,0,0,0,0,0,0,3,1,0,0,0,1,0,0,12,0,0,0,0,0,19,0,0,0,0,28,0,0,0,0,0,0,0,0,0,0,0,0,0,0,0,0,0,0,0,0,25,0,0,0,0,0,0,0,0,0,0,0,0,0,0,0,0,0,0,0,0,0,0,0,129,0,0,0,0,0,0,0,0,0,0,0,0,0,0,0,0,0,0,0,0,0,0,0,1,0,0,0,0,0,24,0,7,0,0,0,0,0,0,0,0,0,0,0,0,0,0,0,0,0,0,0,0,0,0,0,0,0,0,0,0,0,0,0,0,0,0,0,0,0,0,0,0,0,0,0,0,0,0,421,0,0,0,0,0,0,0,0,0,0,0,0,0,0,0,0,0,0,0,0,0,0,0,0,0,0,0,0,0,0,0,0,0,0,0,0,0,0,534,0,0,0,0,0,0,0,0,0,0,0,0,0,1,0,0,0,15,0,0,0,0,0,0,0,0,0,0,0,0,0,0,0,0,0,0,0,0,0,0,0,0,0,0,0,0,0,0,0,0,0,0,0,0,0,0,0,0,0,0,0,0,0,0,1,0,0,0,3,0,0,0,0,0,0,9,0,0,0,0,0,0,0,0,0,0,0,0,0,0,0,0,0,0,0,0,0,0,0,0,0,0,0,0,0,0,0,0,0,0,0,0,0,0,0,0,0,0,0,0,0,0,0,0,0,0,0,0,0,0,0,0,0,0,0,0,0,0,0,0,0,0,0,0,0,0,0,0,0,0,0,0,0,0,0,0,0,0,0,0,0,0,0,0,0,0,0,0,0,0,0,0,0,0,0,0,0,0,0,0,0,0,0,0,0,0,0,0,0,0,0,0,0,0,0,0,0,0,0,0,0,0,0,0,0,0,0,0,0,0,0,0,0,0,0,0,0,0,0,0,0,0,0,0,0,0,0,0,0,0,0,0,0,0,0,0,0,0,0,0,0,0,14,0,0,0,0,0,0,0,Lazarus Group
6,4,4,11,129,10338,0,0,0,580,0,0,0,74,0,0,0,0,20,0,0,0,3,0,0,3,3645,8,0,23,0,10,20,8,0,5,0,0,0,0,0,0,0,0,0,0,0,0,0,0,0,0,1746,0,0,0,5,6,0,0,0,0,0,2,0,0,0,0,0,0,0,0,0,4,23,9,483,23,0,0,0,0,3,0,0,13,0,0,1,0,0,0,0,0,0,0,0,4,0,0,0,5,0,0,0,1,0,2,0,0,0,0,0,13,0,1,0,1,0,0,0,0,1,0,0,1,15,0,0,0,0,0,0,0,0,0,0,0,0,0,0,0,0,0,0,0,4,0,0,0,0,0,0,0,0,0,0,0,0,0,0,0,4,0,0,0,0,0,0,0,0,0,0,0,0,0,0,0,0,0,0,0,7,1,92,16,878,49,29,0,5,5,1537,0,0,0,0,5,0,71,97,268,0,4,307,73,147,79,1143,9,127,1,1,14,906,49,7,0,27,1277,0,0,0,0,0,0,0,0,0,0,0,0,0,0,0,0,0,0,0,2,1915,95,0,0,0,0,0,0,0,261,10,8,0,0,1,5,5,0,0,0,0,0,0,0,9647,1,0,0,24,0,0,0,0,0,0,0,0,0,0,0,6,19,0,0,44,0,0,3,99,14,0,0,0,43,30,18,581,0,0,22,71,63,10,0,0,0,0,0,0,0,0,0,0,0,0,0,0,0,0,0,0,0,0,0,0,0,0,0,0,0,0,0,0,0,0,0,0,0,0,0,0,0,0,1693,2,67,0,0,2,0,0,0,0,0,0,0,0,0,0,0,0,0,0,0,0,0,0,0,0,0,0,0,0,0,0,0,0,0,0,0,0,0,6545,0,27,0,17,0,1,11,0,8,0,0,0,0,25,0,3,0,636,5,2,0,0,0,0,7,69,53,13,18,0,0,0,0,0,1,0,0,0,0,0,0,14,0,0,0,18,0,0,0,61,0,91,0,0,0,0,0,0,0,4,16,7,0,11,14,0,0,0,482,0,0,0,0,0,0,1141,0,0,0,0,0,0,0,0,0,0,0,0,0,0,0,0,0,0,0,0,0,0,0,0,0,0,0,0,0,0,0,0,0,0,0,0,0,0,0,0,0,0,0,0,0,0,0,0,0,0,0,0,0,0,0,0,0,0,0,0,0,0,0,0,0,0,0,0,0,0,0,0,0,0,0,0,0,0,0,0,0,0,0,0,0,0,0,0,0,0,0,0,0,0,0,0,0,0,0,0,0,0,0,0,0,0,0,0,0,0,0,0,0,0,0,0,0,0,0,0,0,0,0,0,0,0,0,0,0,0,0,0,0,0,0,0,0,0,0,0,0,0,0,0,0,0,0,0,0,0,0,0,0,0,0,0,0,0,0,0,0,261,0,44,0,12,762,0,0,0,0,0,0,0,Poseidon Group
7,2,4,12,124,10779,0,0,0,680,0,0,0,90,0,0,0,0,16,0,0,0,3,0,0,3,3523,25,0,44,0,11,17,6,0,4,0,0,0,0,0,0,0,0,0,0,0,0,0,0,0,0,1625,0,0,0,6,6,0,0,0,0,0,2,0,0,0,0,0,0,0,0,0,12,24,3,350,24,0,0,0,0,5,0,0,9,0,0,0,0,0,0,0,0,0,0,0,4,0,0,0,4,0,0,0,0,0,0,0,0,0,0,0,3,0,1,0,0,0,0,0,0,0,0,0,3,1,0,0,0,0,0,0,0,0,0,3,0,0,0,0,0,0,0,0,1,4,0,0,0,0,0,1,0,0,0,0,0,0,0,0,0,4,0,0,0,1,0,0,0,0,0,0,0,0,0,0,0,0,0,0,0,4,5,132,12,1061,81,86,0,7,6,204,2,0,0,0,6,0,93,112,350,0,4,45,61,92,75,1141,14,153,13,1,25,874,89,5,0,30,1280,0,0,0,0,0,0,0,0,0,0,0,0,0,0,0,0,2,0,0,1,1698,124,1,0,0,0,0,0,0,3,10,4,0,0,1,3,4,0,0,0,0,0,0,0,7062,1,0,0,24,0,0,0,0,0,0,0,0,0,0,0,6,19,0,0,45,0,0,3,89,13,0,0,0,36,29,18,352,0,0,19,129,123,10,0,0,0,0,0,0,0,0,0,0,0,0,0,0,0,0,0,0,0,0,0,0,0,0,0,0,0,0,0,0,0,0,0,0,0,0,0,0,0,0,1763,2,112,0,0,2,0,0,0,0,0,0,0,0,0,0,0,0,0,0,0,0,0,0,0,0,0,0,0,0,0,0,0,0,0,0,0,0,0,6327,0,28,0,6,0,1,11,0,6,0,0,0,0,25,0,3,0,643,6,7,1,0,0,1,3,59,49,9,5,0,0,0,0,2,1,0,0,0,0,0,0,12,0,0,0,15,0,0,0,55,0,75,0,0,0,0,1,0,0,5,14,6,0,11,36,0,8,0,371,0,0,0,0,0,0,781,0,0,0,0,0,0,0,0,0,0,0,0,0,0,0,0,0,0,0,0,0,0,0,0,0,0,0,0,0,0,0,0,0,0,0,0,0,0,0,0,0,0,0,0,0,0,0,0,0,0,0,0,0,0,0,0,0,0,0,0,0,0,0,0,0,0,0,0,0,0,0,0,0,0,0,0,0,0,0,0,0,0,0,0,0,0,0,0,0,0,0,0,0,0,0,0,0,0,0,0,0,0,0,0,0,0,0,0,0,0,0,0,0,0,0,0,0,0,0,0,0,0,0,0,0,0,0,0,0,0,0,0,0,0,0,0,0,0,0,0,0,0,0,0,0,0,0,0,0,0,0,0,0,0,0,0,0,0,0,0,0,3,0,60,0,10,703,0,0,0,0,0,0,0,Poseidon Group
6,4,3,18,135,11027,0,0,0,587,0,0,0,91,0,0,0,0,16,0,0,0,3,0,0,3,3414,13,0,22,0,5,21,6,0,4,0,0,1,0,0,0,0,0,0,0,0,0,0,0,0,0,1763,0,0,0,7,8,0,0,0,0,0,2,0,0,0,0,0,0,0,0,0,10,24,3,587,24,0,0,0,0,5,0,0,3,0,0,0,0,0,0,0,0,0,0,0,4,0,0,0,6,0,0,0,0,0,0,0,0,0,0,0,17,0,1,0,0,0,0,0,0,0,0,0,2,15,0,1,0,0,0,0,0,0,0,0,0,0,0,0,0,0,0,0,0,4,0,0,0,0,0,0,0,0,0,0,0,0,0,0,0,4,0,0,0,0,0,0,0,0,0,0,0,0,0,0,0,0,0,0,0,5,1,119,14,1064,80,72,0,5,5,1491,1,0,0,0,5,0,94,118,345,0,4,309,75,147,80,1158,6,143,1,2,25,951,69,5,0,27,1336,0,0,0,0,0,0,0,0,0,0,0,0,0,0,0,0,0,0,0,1,1982,95,2,0,0,0,0,0,0,263,9,14,0,0,2,3,6,0,0,0,0,0,0,0,9708,1,0,0,24,0,0,0,0,0,0,0,0,0,0,0,7,21,0,0,45,0,0,3,100,14,0,0,0,43,34,18,595,0,0,14,116,109,10,0,0,0,0,0,0,0,0,0,0,0,0,0,0,0,0,0,0,0,0,0,0,0,0,0,0,0,0,0,0,0,0,0,0,0,0,0,0,0,0,1743,2,109,0,0,2,0,0,0,0,0,0,0,0,0,0,0,0,0,0,0,0,0,0,0,0,0,0,0,0,0,0,0,0,0,0,0,0,0,6492,0,27,0,6,0,1,14,0,8,0,0,0,0,25,0,3,0,668,6,2,1,0,0,0,6,68,57,18,21,0,0,0,0,0,1,0,0,0,0,0,0,15,0,0,0,18,0,0,0,60,0,93,0,0,0,0,0,0,0,5,23,6,0,13,17,0,0,0,498,0,0,0,0,0,0,1179,0,0,0,0,0,0,0,0,0,0,0,0,0,0,0,0,0,0,0,0,0,0,0,0,0,0,0,0,0,0,0,0,0,0,0,0,0,0,0,0,0,0,0,0,0,0,0,0,0,0,0,0,0,0,0,0,0,0,0,0,0,0,0,0,0,0,0,0,0,0,0,0,0,0,0,0,0,0,0,0,0,0,0,0,0,0,0,0,0,0,0,0,0,0,0,0,0,0,0,0,0,0,0,0,0,0,0,0,0,0,0,0,0,0,0,0,0,0,0,0,0,0,0,0,0,0,0,0,0,0,0,0,0,0,0,0,0,0,0,0,0,0,0,0,0,0,0,0,0,0,0,0,0,0,0,0,0,0,0,0,0,263,0,38,0,11,785,0,0,0,0,0,0,0,Poseidon Group
0,0,0,0,0,5751,0,0,0,0,0,0,0,0,0,0,0,0,0,0,0,0,0,0,0,0,72,0,0,0,0,0,0,0,0,0,0,0,0,0,0,0,0,0,0,0,0,0,0,0,0,0,60,0,0,0,0,0,0,0,0,0,0,0,0,0,0,0,0,0,0,0,0,0,0,0,773,0,0,0,0,0,0,0,0,0,0,0,0,0,0,0,0,0,0,0,0,0,0,0,0,0,0,0,0,0,0,0,0,0,0,0,0,0,0,0,0,0,0,0,0,0,0,0,0,0,0,0,0,0,0,0,0,0,0,0,0,0,0,0,0,0,0,0,0,0,0,0,0,0,0,0,0,0,0,0,0,0,0,0,0,0,0,0,1,0,0,0,0,0,0,0,0,0,0,0,0,0,0,0,0,0,0,0,0,0,1539,0,0,0,0,0,38,0,0,0,0,0,0,0,12,1,0,0,0,2,0,0,18,0,8,0,0,0,34,0,0,0,0,32,0,0,0,0,0,0,0,0,0,0,0,0,0,0,0,0,0,0,0,0,34,0,0,0,0,0,0,0,0,0,0,0,0,0,0,0,0,0,0,0,0,0,0,0,269,0,0,0,0,0,0,0,0,0,0,0,0,0,0,0,0,0,0,0,0,0,0,0,1,0,0,0,0,0,84,0,3,0,0,0,0,0,0,0,0,0,0,0,0,0,0,0,0,0,0,0,0,0,0,0,0,0,0,0,0,0,0,0,0,0,0,0,0,0,0,0,0,0,0,0,0,0,0,441,0,0,0,0,0,0,0,0,0,0,0,0,0,0,0,0,0,0,0,0,0,0,0,0,0,0,0,0,0,0,0,0,0,0,0,0,0,0,536,0,0,0,0,0,0,0,0,0,0,0,0,0,0,0,0,0,23,0,0,0,0,0,0,0,7,1,0,0,0,0,0,0,0,0,0,0,0,0,0,0,0,0,0,0,0,0,0,0,7,0,1,0,0,0,0,0,0,0,0,0,0,0,0,0,0,0,0,21,0,0,0,0,0,0,22,0,0,0,0,0,0,0,0,0,0,0,0,0,0,0,0,0,0,0,0,0,0,0,0,0,0,0,0,0,0,0,0,0,0,0,0,0,0,0,0,0,0,0,0,0,0,0,0,0,0,0,0,0,0,0,0,0,0,0,0,0,0,0,0,0,0,0,0,0,0,0,0,0,0,0,0,0,0,0,0,0,0,0,0,0,0,0,0,0,0,0,0,0,0,0,0,0,0,0,0,0,0,0,0,0,0,0,0,0,0,0,0,0,0,0,0,0,0,0,0,0,0,0,0,0,0,0,0,0,0,0,0,0,0,0,0,0,0,0,0,0,0,0,0,0,0,0,0,0,0,0,0,0,0,0,0,0,0,0,0,0,0,0,0,0,0,13,0,0,0,0,0,0,0,Lazarus Group
0,0,0,0,17,4968,0,0,0,186,0,0,0,0,0,0,0,0,0,0,0,0,0,0,0,0,374,0,0,14,0,0,0,0,0,0,0,0,0,0,0,0,0,0,0,0,0,0,0,0,0,0,713,0,0,0,0,0,0,0,0,0,0,1,0,0,0,0,0,0,0,0,0,0,0,0,119,0,0,0,0,0,0,0,0,0,0,0,0,0,0,0,0,0,0,0,0,0,0,0,0,0,0,0,0,0,0,0,0,0,0,0,0,0,0,0,0,0,0,0,0,0,0,0,0,0,0,0,0,0,0,0,0,0,0,0,0,0,0,0,0,0,0,0,0,0,0,0,0,0,0,0,0,0,0,0,0,0,0,0,0,0,0,0,0,0,0,0,0,0,0,0,0,0,0,0,0,0,0,0,0,0,0,8,50,0,289,1,1,0,0,0,38,0,0,0,0,0,0,60,64,95,0,0,1,0,2,0,280,0,174,0,0,0,407,0,0,0,0,249,0,0,0,0,0,0,0,0,0,0,0,0,0,0,0,0,0,0,0,0,379,44,0,0,0,0,0,0,0,0,0,0,0,0,0,0,0,0,0,0,0,0,0,0,2780,0,0,0,0,0,0,0,0,0,0,0,0,0,0,0,0,4,0,0,2,0,0,0,144,4,0,0,0,12,0,11,117,0,0,0,1,0,0,0,0,0,0,0,0,0,0,0,0,0,0,0,0,0,0,0,0,0,0,0,0,0,0,0,0,0,0,0,0,0,0,0,0,0,0,0,0,0,0,367,0,0,0,0,2,0,0,0,0,0,0,0,0,0,0,0,0,0,0,0,0,0,0,0,0,0,0,0,0,0,0,0,0,0,0,0,0,0,819,0,0,0,2,0,0,0,0,0,0,0,0,0,13,0,0,0,125,0,0,0,0,0,0,0,11,25,0,0,0,0,0,0,1,0,0,0,0,0,0,0,3,0,0,0,3,0,0,0,182,1,195,1,0,0,0,0,0,0,0,0,0,0,5,7,0,1,0,325,0,0,0,0,0,0,279,0,0,0,0,0,0,0,0,0,0,0,0,0,0,0,0,0,0,0,0,0,0,0,0,0,0,0,0,0,0,0,0,0,0,0,0,0,0,0,0,0,0,0,0,0,0,0,0,0,0,0,0,0,0,0,0,0,0,0,0,0,0,0,0,0,0,0,0,0,0,0,0,0,0,0,0,0,0,0,0,0,0,0,0,0,0,0,0,0,0,0,0,0,0,0,0,0,0,0,0,0,0,0,0,0,0,0,0,0,0,0,0,0,0,0,0,0,0,0,0,0,0,0,0,0,0,0,0,0,0,0,0,0,0,0,0,0,0,0,0,0,0,0,0,0,0,0,0,0,0,0,0,0,0,0,0,0,0,0,0,0,0,0,0,0,0,178,0,0,0,0,0,0,0,Threat Group-3390
0,0,0,2,65,6424,0,0,0,213,0,0,0,2,0,0,0,0,1,0,0,0,0,0,0,0,1329,7,0,2,0,0,0,0,0,0,0,0,0,0,0,0,0,0,0,0,0,0,0,0,0,0,767,0,0,0,1,0,0,0,0,0,0,0,0,0,0,0,0,0,0,0,0,0,0,1,668,1,0,0,0,0,0,0,0,1,0,0,0,0,0,0,0,0,0,0,0,0,0,0,0,0,0,0,0,0,0,0,0,1,0,0,0,0,0,0,0,0,1,0,0,0,0,0,0,1,0,0,0,0,0,0,0,0,0,0,2,0,0,0,0,0,0,0,0,0,0,0,0,0,0,0,0,0,0,0,0,0,0,0,0,0,0,0,0,0,0,0,0,0,0,0,0,0,0,0,0,0,0,0,0,0,0,2,10,3,1309,4,2,0,5,0,53,0,0,0,0,1,0,27,20,42,0,0,7,12,28,11,436,4,49,2,0,10,408,3,1,0,4,510,0,0,0,0,0,0,0,0,0,0,0,0,0,0,0,0,0,0,0,1,868,115,0,0,0,0,0,0,0,0,0,0,0,0,0,0,0,0,0,0,0,0,0,0,4616,0,0,0,0,0,0,0,0,0,0,0,0,0,0,0,3,21,0,0,0,0,0,0,50,0,0,0,0,20,121,3,162,0,0,0,2,3,0,0,0,0,0,0,0,0,0,0,0,0,0,0,0,0,0,0,0,0,0,0,0,0,0,0,0,0,0,0,0,0,0,0,0,0,0,0,0,0,0,1292,0,3,0,0,0,0,0,0,0,0,0,0,0,0,0,0,0,0,0,0,0,0,0,0,0,0,0,0,0,0,0,0,0,0,0,0,0,0,4532,0,2,0,0,0,0,0,0,0,0,0,0,0,29,0,0,0,310,0,2,0,0,0,1,0,0,26,0,0,0,0,0,0,0,1,1,0,0,0,0,0,2,0,0,0,16,0,0,0,26,0,38,0,0,0,0,0,0,0,0,0,0,0,27,54,0,31,0,210,0,0,0,0,0,0,323,0,0,0,0,0,0,0,0,0,0,0,0,0,0,0,0,0,0,0,0,0,0,0,0,0,0,0,0,0,0,0,0,0,0,0,0,0,0,0,0,0,0,0,0,0,0,0,0,0,0,0,0,0,0,0,0,0,0,0,0,0,0,0,0,0,0,0,0,0,0,0,0,0,0,0,0,0,0,0,0,0,0,0,0,0,0,0,0,0,0,0,0,0,0,0,0,0,0,0,0,0,0,0,0,0,0,0,0,0,0,0,0,0,0,0,0,0,0,0,0,0,0,0,0,0,0,0,0,0,0,0,0,0,0,0,0,0,0,0,0,0,0,0,0,0,0,0,0,0,0,0,0,0,0,0,0,0,0,0,0,0,0,0,7,0,0,321,0,0,0,0,0,0,0,Equation
6,4,3,19,131,11077,0,0,0,587,0,0,0,90,0,0,0,0,16,0,0,0,3,0,0,3,3477,13,0,22,0,8,19,4,0,5,0,0,0,0,0,0,0,0,0,0,0,0,0,0,0,0,1747,0,0,0,4,6,0,0,0,0,0,2,0,0,0,0,0,0,0,0,0,7,23,4,574,23,0,0,0,0,5,0,0,2,0,0,0,0,0,0,0,0,0,0,0,4,0,0,0,7,0,0,0,0,0,1,0,0,0,0,0,17,0,1,0,0,1,1,0,0,0,0,0,2,17,0,0,0,0,0,0,0,0,0,0,0,0,0,0,0,0,0,0,0,5,0,0,0,0,0,0,0,0,0,0,0,0,0,0,0,4,0,0,0,0,0,0,0,0,0,0,0,0,0,0,0,0,0,0,0,6,1,120,17,1039,78,71,0,5,5,1478,0,0,0,0,6,0,93,118,347,0,4,305,75,137,85,1135,13,144,1,1,25,942,69,6,0,31,1343,0,0,0,0,0,0,0,0,0,0,0,0,0,0,0,0,1,0,0,1,2054,95,2,0,0,0,0,0,0,254,14,4,0,0,2,2,6,0,0,0,0,0,0,0,9633,1,0,0,24,0,0,0,0,0,0,0,0,0,0,0,7,19,0,0,45,0,0,3,100,14,0,0,0,43,36,18,606,0,0,14,121,110,10,0,0,0,0,0,0,0,0,0,0,0,0,0,0,0,0,0,0,0,0,0,0,0,0,0,0,0,0,0,0,0,0,0,0,0,0,0,0,0,0,1740,2,112,0,0,2,0,0,0,0,0,0,0,0,0,0,0,0,0,0,0,0,0,0,0,0,0,0,0,0,0,0,0,0,0,0,0,0,0,6800,0,28,0,8,0,1,11,0,9,0,0,0,0,25,0,3,0,665,5,2,3,0,0,0,7,67,62,23,12,0,0,0,0,0,1,0,0,0,0,0,0,16,0,0,0,18,0,0,0,60,0,90,0,0,0,0,1,0,0,4,18,5,0,11,21,0,0,0,479,0,0,0,0,0,0,1185,0,0,0,0,0,0,0,0,0,0,0,0,0,0,0,0,0,0,0,0,0,0,0,0,0,0,0,0,0,0,0,0,0,0,0,0,0,0,0,0,0,0,0,0,0,0,0,0,0,0,0,0,0,0,0,0,0,0,0,0,0,0,0,0,0,0,0,0,0,0,0,0,0,0,0,0,0,0,0,0,0,0,0,0,0,0,0,0,0,0,0,0,0,0,0,0,0,0,0,0,0,0,0,0,0,0,0,0,0,0,0,0,0,0,0,0,0,0,0,0,0,0,0,0,0,0,0,0,0,0,0,0,0,0,0,0,0,0,0,0,0,0,0,0,0,0,0,0,0,0,0,0,0,0,0,0,0,0,0,0,0,254,0,42,0,11,778,0,0,0,0,0,0,0,Poseidon Group
140,172,161,169,994,41728,0,1,0,1057,0,0,0,173,0,1,1,1,123,1,2,4,0,2,1,1,321,170,0,188,0,169,189,155,0,181,0,0,0,0,0,0,0,1,0,0,0,1,0,0,0,0,1034,0,0,0,202,365,0,0,0,0,0,1,0,2,0,0,0,0,0,0,0,172,156,152,1317,10,0,0,0,2,150,0,0,37,9,14,14,1,5,4,9,0,0,0,1,8,34,0,3,355,1,0,0,36,4,38,6,1,0,7,8,38,23,33,29,37,203,23,0,16,28,23,36,36,31,0,15,21,1,2,0,0,2,1,37,6,0,0,0,0,1,10,21,21,19,0,0,0,0,0,12,0,0,0,2,0,0,45,0,0,29,0,39,11,37,3,0,2,0,7,8,1,2,7,0,0,0,2,2,0,176,19,327,714,1433,175,165,0,159,189,185,178,0,0,0,183,0,167,159,191,0,190,156,164,158,161,413,146,175,169,173,163,185,159,340,0,164,158,0,0,0,1,0,0,1,0,0,0,0,0,0,0,0,0,171,0,0,133,121,146,116,0,0,1,0,0,0,10,181,153,0,0,168,177,171,1,0,0,0,0,2,0,4330,0,0,0,0,0,0,0,0,0,2,0,0,1,0,0,195,150,0,0,1,0,0,2,3,22,0,0,0,22,196,21,1065,0,0,713,192,176,0,1,1,0,0,0,1,1,0,0,0,1,0,1,1,1,1,0,0,0,0,0,1,0,0,1,0,0,0,0,0,0,2,2,1,1,0,0,1,0,0,1919,0,166,0,0,188,0,1,0,0,0,2,0,0,1,1,0,0,1,1,1,0,1,0,0,1,0,0,1,0,1,0,0,3,0,0,0,0,1,2330,0,205,0,156,0,0,124,1,95,0,1,0,3,11,4,2,0,340,357,296,96,0,1,160,176,106,1151,154,163,0,0,1,0,0,0,1,2,2,0,0,0,0,1,0,1,0,0,0,0,199,1,105,1,0,0,0,0,0,0,170,182,176,0,186,180,0,0,0,1104,0,1,0,1,2,1,935,0,0,1,0,1,0,1,0,0,0,0,0,0,0,0,0,0,0,0,0,0,0,0,0,0,0,0,0,0,0,0,0,0,0,0,0,0,0,0,0,0,0,0,0,0,0,0,0,0,0,0,0,0,0,0,0,0,0,0,0,0,0,0,0,1,0,0,0,0,0,0,0,0,1,0,0,0,0,0,0,0,0,0,0,0,0,0,0,0,0,0,0,0,0,1,0,0,0,0,0,0,0,0,0,0,0,0,0,0,0,0,0,0,0,0,0,0,0,0,0,0,0,0,0,0,0,0,0,0,0,0,0,0,0,0,0,0,0,0,0,0,0,0,0,0,0,0,0,0,0,0,0,0,0,0,151,0,2,0,0,0,4,1,1497,0,147,1181,0,0,1,0,0,1,0,Carbanak
1860,1190,1043,1118,4746,57385,0,1,0,4066,3,0,2,922,0,0,0,1,1272,4,3,28,3,3,4,2,2219,1142,4,1114,0,1077,1300,1223,0,1176,2,4,2,3,3,2,3,0,0,3,3,4,0,2,2,0,7115,0,0,2,966,1025,2,4,0,1,3,3,3,2,1,4,0,0,3,0,4,1014,893,1148,11580,323,4,0,1,3,785,4,4,255,44,107,119,2,65,45,107,51,43,51,30,34,189,62,56,206,5,63,7,494,125,1747,158,0,0,48,63,93,178,219,233,250,284,137,5,203,410,250,157,214,311,4,121,89,5,3,4,8,5,3,243,92,6,1,5,6,6,130,122,108,137,7,6,10,6,6,97,0,3,8,10,8,4,223,1,1,367,0,202,48,311,32,6,47,57,56,160,0,4,36,1,0,4,4,4,1,969,391,5008,5337,16587,2339,2480,6,1621,1017,1055,1365,5,0,7,1402,0,2533,1081,4331,1,1202,1341,1174,1742,1157,3568,1213,1869,899,1184,1844,2422,1509,1059,0,987,2959,0,0,0,0,1,1,0,0,2,0,0,0,0,0,0,1,1290,1,0,667,544,1138,550,0,0,0,1,0,0,67,964,1522,0,2,1237,1064,1028,653,3,0,1,5,3,1,24704,0,4,12,0,0,0,7,0,0,4,1,3,2,0,7,771,873,0,6,9,0,0,6,7,272,0,5,0,317,581,284,7639,0,5,6436,2432,2003,9,4,0,2,5,4,2,3,4,3,5,1,0,3,3,5,1,2,0,4,3,2,2,3,0,0,0,0,0,0,4,5,5,7,0,2,0,4,4,4,3,12271,6,2268,0,4,1091,0,6,0,0,0,3,1,0,1,3,5,2,3,1,2,0,3,1,3,4,6,1,4,2,5,4,0,2,1,0,3,3,1,14880,7,2686,5,1025,0,4,521,3,582,3,7,1,2,114,39,24,1,3088,2138,1339,547,1,2,1086,1353,1556,4596,1844,1241,2,4,5,0,2,5,3,8,3,0,0,3,3,2,2,7,1,0,0,0,1360,5,2020,1,2,1,0,10,0,1,1350,1570,1411,1,867,1066,0,3,0,6361,0,0,2,2,2,2,4009,0,4,7,4,3,0,4,0,0,0,0,0,0,1,0,1,0,0,0,0,0,1,1,0,0,0,0,0,0,0,0,0,0,0,1,0,0,0,0,0,1,0,1,0,1,0,0,0,1,0,0,0,0,0,0,2,2,0,0,0,0,0,0,0,0,0,0,0,1,1,0,0,0,1,1,0,0,4,1,0,0,1,0,1,0,0,0,0,0,0,0,0,0,1,0,2,1,1,0,0,0,0,0,0,0,0,1,0,0,0,1,0,0,0,0,1,0,0,0,0,0,0,0,0,0,0,0,0,0,0,0,0,0,0,1,0,0,1,0,1,0,1,1,0,0,0,0,1,0,1,0,0,0,1,0,1094,1,0,0,2,10,3,6,8080,0,1582,9520,0,3,10,0,1,0,0,FIN4
21,31,48,112,564,11407,7,1,5,858,0,7,0,91,0,0,0,0,55,4,7,1,24,0,0,1,1804,19,0,25,0,29,23,22,0,21,9,3,6,0,0,0,0,0,0,0,1,4,1,0,1,9,1756,2,2,0,20,23,0,4,0,0,0,4,0,0,0,0,1,0,0,1,0,37,43,29,437,25,0,2,0,0,21,2,6,14,4,4,2,11,1,1,0,0,0,1,0,4,9,0,0,14,4,0,1,6,4,15,2,0,0,0,0,16,6,7,8,8,19,5,0,5,7,8,1,8,118,10,12,4,1,0,2,2,1,17,15,3,2,0,0,0,2,0,8,5,30,0,1,0,0,5,3,1,4,0,1,0,1,14,2,0,122,17,2,2,3,0,4,5,0,1,0,3,3,16,0,1,0,4,0,0,41,4,187,96,854,88,55,1,60,32,638,33,0,0,0,36,0,140,107,359,0,28,63,43,73,106,927,16,279,27,17,76,1023,54,62,0,76,1450,0,0,0,0,0,0,0,0,0,0,0,0,0,0,0,0,26,0,3,23,954,33,22,0,0,0,0,0,0,42,39,32,0,0,19,44,37,0,0,0,0,0,0,0,8683,25,17,12,104,60,0,0,3,10,0,0,0,0,0,14,37,42,0,2,32,0,0,20,401,35,8,0,3,53,80,36,883,2,0,98,107,67,1,0,0,0,0,0,0,1,0,0,0,0,18,0,0,0,0,0,13,0,1,0,0,0,3,4,0,0,0,1,0,0,0,0,0,0,11,0,1,0,0,2273,3,108,0,0,14,0,3,0,0,0,0,2,3,1,0,2,0,0,0,0,1,4,1,0,2,0,0,0,0,0,0,0,0,1,0,0,1,0,4325,0,56,0,32,0,8,28,0,20,0,0,0,0,25,0,2,0,799,52,58,62,0,0,24,27,89,411,34,24,0,5,0,4,3,0,1,0,1,0,0,0,22,0,0,0,42,0,0,0,217,2,271,2,0,0,0,8,0,0,35,25,20,8,16,56,0,0,1,1033,2,0,0,0,0,0,1323,1,0,0,0,0,2,1,2,0,0,0,0,0,0,0,0,0,0,0,0,0,0,0,0,0,0,0,0,0,0,0,0,0,0,0,0,0,0,0,0,0,0,0,0,0,0,0,0,0,0,0,0,0,0,0,0,0,0,0,0,0,0,0,0,0,0,0,0,0,0,0,0,0,0,0,0,0,0,0,0,0,0,0,0,0,0,0,0,0,0,0,0,0,0,1,1,0,0,0,0,0,0,0,0,0,0,0,0,2,0,0,0,0,0,0,0,0,0,0,0,0,0,0,0,0,0,0,0,0,0,0,0,0,0,0,0,0,0,0,0,0,0,0,0,0,0,0,0,0,0,0,0,0,2,2,23,0,0,0,0,0,7,0,239,1,52,1054,1,1,0,0,0,0,0,Tropical Trooper
